"Longitude","Latitude","year","Tested","Present","Site.Name","Country"
8.767,3.73203,2001,102,0,"","Equatorial Guinea"
-3.61111,14.35,2002,86,2,"Mopti Bandiagara","Mali"
34.768,-0.091702,2002,50,1,"Kisumu","Kenya"
13.2344,-8.83833,2003,50,0,"","Angola"
4.56122,7.76581,2004,71,0,"Osogbo","Nigeria"
8.767,3.73203,2004,262,0,"","Equatorial Guinea"
32.5833,-25.9667,2004,50,0,"Maputo","Mozambique"
32.5957,0.337748,2005,51,0,"Kampala","Uganda"
39.85,-3.63333,2005,127,0,"Kilifi","Kenya"
8.767,3.73203,2006,158,0,"","Equatorial Guinea"
38.617,7.0822,2007,71,0,"Wondogenet","Ethiopia"
37.4336,5.8924,2008,77,0,"Shele","Ethiopia"
34.206,-0.436792,2009,32,0,"Mbita","Kenya"
0.0955,10.5168,2010,70,0,"Bunkpurugu","Ghana"
3.50493,6.6307,2010,127,0,"Ikorodu","Nigeria"
29.7181,-2.56041,2010,75,0,"Huye District","Rwanda"
34.7626,-16.0311,2010,69,0,"Chikwawa","Malawi"
35.3,-15.1685,2010,100,1,"Machinga","Malawi"
38.476,14.1179,2010,33,0,"Selekleka","Ethiopia"
0.0955,10.5168,2011,65,0,"Bunkpurugu","Ghana"
8.767,3.73203,2011,163,0,"","Equatorial Guinea"
13.5833,-1.63333,2011,29,0,"Franceville","Gabon"
35.2631,9.0243,2011,49,0,"Serbo","Ethiopia"
37.4336,5.8924,2011,85,0,"Shele","Ethiopia"
38.617,7.0822,2011,98,0,"Wondogenet","Ethiopia"
39.2833,-6.8,2011,220,1,"","Tanzania"
39.7735,-3.7754,2011,59,0,"Pingilikani","Kenya"
-17.366,14.7645,2012,138,0,"Dakar","Senegal"
-17.366,14.7645,2012,207,0,"","Senegal"
-16.6409,13.2748,2012,78,0,"Brikama","Gambia"
-4.29177,11.1781,2012,221,0,"Bobo-Dioulasso","Burkina Faso"
-1.62197,6.68712,2012,84,0,"Kumasi","Ghana"
0.0955,10.5168,2012,56,0,"Bunkpurugu","Ghana"
4.5442,8.5358,2012,34,0,"Ilorin","Nigeria"
7.48333,9.06667,2012,20,0,"","Nigeria"
8.767,3.73203,2012,14,0,"","Equatorial Guinea"
13.2344,-8.83833,2012,12,0,"","Angola"
13.5833,-1.63333,2012,30,0,"Franceville","Gabon"
28.2037,-15.4165,2012,298,2,"Lusaka","Zambia"
33.2315,0.442926,2012,20,0,"Walukuba","Uganda"
33.7,-13.95,2012,14,0,"","Malawi"
34.0147,0.77578,2012,20,0,"Nagongera","Uganda"
34.0169,-0.4829,2012,283,0,"Mfangano","Kenya"
34.09,-0.5283,2012,31,0,"Kibuogi","Kenya"
34.0903,-0.479,2012,28,0,"Takawiri","Kenya"
34.1906,-0.3582,2012,23,0,"Ngodhe","Kenya"
34.3833,-0.183333,2012,225,0,"Asembo","Kenya"
34.768,-0.091702,2012,84,0,"Kisumu","Kenya"
-16.6409,13.2748,2013,125,0,"Brikama","Gambia"
0.0955,10.5168,2013,68,0,"Bunkpurugu","Ghana"
6.73334,0.330192,2013,60,0,"Sao Tomé","Sao Tome and Principe"
7.48333,9.06667,2013,12,0,"","Nigeria"
8.767,3.73203,2013,20,2,"","Equatorial Guinea"
8.767,3.73203,2013,170,0,"","Equatorial Guinea"
9.78368,2.04405,2013,27,0,"Ngonamanga","Equatorial Guinea"
10.1739,1.74579,2013,59,0,"Miyobo","Equatorial Guinea"
12.4647,-1.14383,2013,29,0,"Koula-Moutou","Gabon"
12.7391,-0.815042,2013,30,0,"Lastourville","Gabon"
13.2344,-8.83833,2013,37,0,"","Angola"
13.5833,-1.63333,2013,27,0,"Franceville","Gabon"
15.3139,-4.33167,2013,120,0,"Kinshasa","Democratic Republic of the Congo"
29.7,-0.75,2013,20,0,"Kihihi","Uganda"
33.2042,0.424444,2013,78,0,"Jinja","Uganda"
33.2315,0.442926,2013,20,0,"Walukuba","Uganda"
34.768,-0.091702,2013,41,1,"Kisumu","Kenya"
-16.6409,13.2748,2014,67,0,"Brikama","Gambia"
-16.0759,14.1652,2014,24,0,"Kaolack district","Senegal"
-15.9288,13.9187,2014,24,0,"Ndoffane","Senegal"
-13.5784,9.64119,2014,55,0,"","Guinea"
-13.2344,8.48444,2014,29,0,"","Sierra Leone"
-10.8014,6.31333,2014,15,0,"","Liberia"
-10.8014,6.31333,2014,25,0,"","Liberia"
-8.3449,13.1334,2014,91,0,"Faladje","Mali"
-4.03333,5.31667,2014,17,0,"","Côte d'Ivoire"
-1.52086,6.74704,2014,234,0,"Ashanti","Ghana"
-1.51966,12.3714,2014,114,0,"","Burkina Faso"
-1.24723,5.10506,2014,82,0,"Cape Coast","Ghana"
-0.375209,6.38591,2014,72,0,"Begoro","Ghana"
-0.2,5.55,2014,65,0,"","Ghana"
0.0955,10.5168,2014,73,0,"Bunkpurugu","Ghana"
2.62885,6.49686,2014,78,0,"","Benin"
3.38457,6.51941,2014,46,0,"Lagos","Nigeria"
6.4556,6.4556,2014,38,0,"Ajeromi Ifelodun","Nigeria"
7.48333,9.06667,2014,25,0,"","Nigeria"
7.48333,9.06667,2014,83,1,"","Nigeria"
7.48333,9.06667,2014,152,0,"","Nigeria"
8.70697,3.75353,2014,82,1,"Malabo","Equatorial Guinea"
8.74812,3.61983,2014,98,0,"Bioko Island","Equatorial Guinea"
8.767,3.73203,2014,11,0,"","Equatorial Guinea"
8.767,3.73203,2014,224,4,"","Equatorial Guinea"
9.29454,0.411743,2014,93,0,"Libreville","Gabon"
9.4544,0.3901,2014,14,0,"","Gabon"
9.4544,0.3901,2014,83,0,"","Gabon"
11.5167,3.86667,2014,13,0,"","Cameroon"
11.5167,3.86667,2014,54,0,"","Cameroon"
12.4647,-1.14383,2014,30,0,"Koula-Moutou","Gabon"
12.7391,-0.815042,2014,30,0,"Lastourville","Gabon"
13.2344,-8.83833,2014,23,1,"","Angola"
13.2344,-8.83833,2014,24,0,"","Angola"
13.2344,-8.83833,2014,466,2,"","Angola"
13.5833,-1.63333,2014,28,0,"Franceville","Gabon"
15.0557,12.1348,2014,11,0,"","Chad"
15.2385,-4.34714,2014,55,0,"Luzizila","Democratic Republic of the Congo"
15.28,-4.27,2014,18,0,"Brazzaville","Democratic Republic of the Congo"
15.3139,-4.33167,2014,22,0,"","Democratic Republic of the Congo"
15.3139,-4.33167,2014,32,0,"","Democratic Republic of the Congo"
15.3139,-4.33167,2014,82,0,"Kinshasa","Democratic Republic of the Congo"
15.3139,-4.33167,2014,1230,1,"Kinshasa","Democratic Republic of the Congo"
18.2229,0.002214,2014,48,0,"Bolenge","Democratic Republic of the Congo"
21.5588,-4.85312,2014,30,0,"Mweka","Democratic Republic of the Congo"
26.4518,-1.46372,2014,49,0,"Punia","Democratic Republic of the Congo"
26.9522,-10.9424,2014,59,0,"Kapolowe","Democratic Republic of the Congo"
28.2037,-15.4165,2014,16,0,"Lusaka","Zambia"
28.2833,-15.4167,2014,38,0,"","Zambia"
29.0111,-2.69748,2014,112,0,"Bugarama","Rwanda"
29.3018,0.114047,2014,21,0,"Butembo","Democratic Republic of the Congo"
29.7181,-2.56041,2014,81,0,"Huye District","Rwanda"
29.8948,-2.3856,2014,101,0,"Kibirizi","Rwanda"
30.1655,-1.4042,2014,73,1,"Nyarurema","Rwanda"
30.2121,-1.99169,2014,93,7,"Masaka Ruhuha","Rwanda"
30.4667,-2.1833,2014,52,1,"Ngoma District","Rwanda"
30.5042,-1.80002,2014,134,1,"Rukara","Rwanda"
30.7333,-2.25,2014,54,3,"Kirehe District","Rwanda"
32,1,2014,116,0,"","Uganda"
32.2881,2.7724,2014,143,0,"Gulu","Uganda"
32.4325,15.5018,2014,21,0,"","Sudan"
32.5833,-25.9667,2014,14,0,"","Mozambique"
32.5833,-25.9667,2014,28,0,"","Mozambique"
36.75,13.3333,2014,21,0,"Sanja","Ethiopia"
36.766,12.577,2014,18,2,"Negade Bahir","Ethiopia"
37.0642,12.5482,2014,15,1,"Aykel","Ethiopia"
37.549,12.383,2014,43,0,"Maksegnet","Ethiopia"
37.7796,12.1236,2014,28,0,"Addis Zemen","Ethiopia"
38.4404,-5.16156,2014,48,0,"Korogwe","Tanzania"
39,15,2014,119,1,"Agordat Barentu","Eritrea"
39.1023,-5.0889,2014,92,0,"Tanga","Tanzania"
39.2833,-6.8,2014,20,0,"","Tanzania"
43.25,-11.72,2014,18,0,"Grande Comore","Comoros"
-16.6409,13.2748,2015,101,0,"Brikama","Gambia"
-15.6983,13.0391,2015,33,0,"Bounkiling","Senegal"
-13.5784,9.64119,2015,15,0,"","Guinea"
-12.1782,12.5659,2015,89,0,"Kedougou Region","Senegal"
-3.1554,5.6032,2015,77,17,"Ayame","Côte d'Ivoire"
-3.1554,5.6032,2015,79,1,"Ayame","Côte d'Ivoire"
-3.1554,5.6032,2015,85,11,"Ayame","Côte d'Ivoire"
-3.1554,5.6032,2015,88,5,"Ayame","Côte d'Ivoire"
-3.1554,5.6032,2015,89,4,"Ayame","Côte d'Ivoire"
-3.1554,5.6032,2015,93,0,"Ayame","Côte d'Ivoire"
-1.24723,5.10506,2015,102,0,"Cape Coast","Ghana"
-0.375209,6.38591,2015,83,0,"Begoro","Ghana"
-0.2,5.55,2015,37,0,"","Ghana"
4.56122,7.76581,2015,73,0,"Osogbo","Nigeria"
6.91033,6.00971,2015,36,0,"Nnewi","Nigeria"
7.48333,9.06667,2015,13,0,"","Nigeria"
8.767,3.73203,2015,17,0,"","Equatorial Guinea"
11.5167,3.86667,2015,51,0,"","Cameroon"
11.5167,3.86667,2015,93,0,"Yaoundé","Cameroon"
13.2344,-8.83833,2015,302,0,"","Angola"
29.7,-0.75,2015,20,0,"Kihihi","Uganda"
29.7181,-2.56041,2015,66,2,"Huye District","Rwanda"
30.0685,0.264,2015,56,0,"Niabiaji","Uganda"
30.1212,0.24,2015,82,0,"Sebwe","Uganda"
30.1231,0.2639,2015,81,0,"Mubuku","Uganda"
30.2121,-1.99169,2015,382,14,"Masaka Ruhuha","Rwanda"
32.2881,2.7724,2015,77,0,"Gulu","Uganda"
32.2881,2.7724,2015,194,1,"Gulu","Uganda"
32.9832,-24.5323,2015,87,0,"Chokwe","Mozambique"
33.2315,0.442926,2015,20,0,"Walukuba","Uganda"
33.7238,-16.1171,2015,89,0,"Moatize","Mozambique"
34.9179,-0.187925,2015,94,1,"Nyando","Kenya"
38.9981,-13.134,2015,87,0,"Montepuez","Mozambique"
39.85,-3.63333,2015,142,0,"Kilifi","Kenya"
-17.366,14.7645,2016,40,0,"Dakar","Senegal"
-17.366,14.7645,2016,161,0,"Dakar","Senegal"
-17.366,14.7645,2016,182,0,"Dakar","Senegal"
-15.6983,13.0391,2016,59,0,"Bounkiling","Senegal"
-13.5784,9.64119,2016,389,0,"","Guinea"
-13.2952,9.55553,2016,190,0,"Maferinyah","Guinea"
-12.2879,11.3186,2016,199,0,"Labé","Guinea"
-12.1782,12.5659,2016,98,0,"Kedougou Region","Senegal"
-8.2483,11.642,2016,248,0,"Sélingué","Mali"
-8,12.65,2016,252,0,"","Mali"
-1.24723,5.10506,2016,79,0,"Cape Coast","Ghana"
-0.375209,6.38591,2016,70,0,"Begoro","Ghana"
-0.2,5.55,2016,29,0,"","Ghana"
-0.2,5.55,2016,52,0,"Accra","Ghana"
3.38457,6.51941,2016,25,0,"Lagos","Nigeria"
5.62276,6.33068,2016,25,0,"Edo","Nigeria"
7.48333,9.06667,2016,157,0,"","Nigeria"
8.767,3.73203,2016,169,0,"","Equatorial Guinea"
11.5167,3.86667,2016,23,0,"Yaoundé","Cameroon"
16.7001,8.46722,2016,157,0,"Komé","Chad"
28.2833,-15.4167,2016,213,0,"","Zambia"
29.6745,-4.91155,2016,88,0,"Ujiji","Tanzania"
29.7426,-0.819525,2016,37,0,"Kanungu","Uganda"
30.1,-1.1933,2016,35,0,"Rukiga","Uganda"
30.1,-1.1933,2016,41,0,"Rukiga","Uganda"
30.1,-1.1933,2016,42,8,"Rukiga","Uganda"
30.91,3.03,2016,29,0,"Arua","Uganda"
30.91,3.03,2016,31,0,"Arua","Uganda"
30.91,3.03,2016,33,0,"Arua","Uganda"
31.395,0.5575,2016,22,0,"Mubende","Uganda"
31.395,0.5575,2016,26,0,"Mubende","Uganda"
31.395,0.5575,2016,28,0,"Mubende","Uganda"
32.2881,2.7724,2016,94,3,"Gulu","Uganda"
32.8,3.53333,2016,31,0,"Lamwo","Uganda"
32.8,3.53333,2016,32,0,"Lamwo","Uganda"
32.8,3.53333,2016,33,3,"Lamwo","Uganda"
32.8,3.53333,2016,37,2,"Lamwo","Uganda"
32.8011,2.42861,2016,22,0,"Kole","Uganda"
32.8011,2.42861,2016,23,1,"Kole","Uganda"
32.8011,2.42861,2016,26,0,"Kole","Uganda"
32.8333,1.63333,2016,13,0,"Amolatar","Uganda"
32.8333,1.63333,2016,28,0,"Amolatar","Uganda"
32.8333,1.63333,2016,30,0,"Amolatar","Uganda"
32.8814,3.29676,2016,50,17,"Kitgum","Uganda"
33.2042,0.424444,2016,27,0,"Jinja","Uganda"
33.2042,0.424444,2016,29,0,"Jinja","Uganda"
33.3306,2.98472,2016,22,0,"Agago","Uganda"
33.3306,2.98472,2016,30,0,"Agago","Uganda"
33.3306,2.98472,2016,31,0,"Agago","Uganda"
34.1811,0.692778,2016,34,0,"Tororo","Uganda"
34.1811,0.692778,2016,35,1,"Tororo","Uganda"
34.1811,0.692778,2016,37,0,"Tororo","Uganda"
34.1811,0.692778,2016,56,0,"Tororo","Uganda"
34.2422,-0.0617328,2016,317,0,"Siaya district","Kenya"
35.8167,-8.8,2016,88,0,"Mlimba","Tanzania"
36.8219,-1.29207,2016,318,0,"","Kenya"
37.4717,14.7843,2016,76,8,"Tokombia","Eritrea"
37.8356,14.9192,2016,72,6,"Shambuko","Eritrea"
37.8778,15.5407,2016,57,5,"Akordat","Eritrea"
38.3438,-4.75269,2016,88,0,"Mkuzi","Tanzania"
38.9929,-6.78132,2016,80,0,"Kibaha District","Tanzania"
39,15,2016,73,5,"Guluj","Eritrea"
39.2833,-6.8,2016,325,0,"","Tanzania"
45.4905,2.77703,2016,50,0,"Jowhar","Somalia"
-23.5109,14.9431,2017,38,0,"Praia","Cape Verde"
-17.366,14.7645,2017,31,0,"Dakar","Senegal"
-16.6409,13.2748,2017,41,0,"Brikama","Gambia"
-15.6983,13.0391,2017,34,0,"Bounkiling","Senegal"
-13.5784,9.64119,2017,45,0,"","Guinea"
-12.1782,12.5659,2017,123,0,"Kedougou Region","Senegal"
-4.03333,5.31667,2017,26,0,"","Côte d'Ivoire"
-0.2,5.55,2017,19,0,"","Ghana"
2.62885,6.49686,2017,155,0,"","Benin"
7.48333,9.06667,2017,45,1,"","Nigeria"
7.48333,9.06667,2017,88,0,"","Nigeria"
8.767,3.73203,2017,63,0,"","Equatorial Guinea"
11.5167,3.86667,2017,17,0,"","Cameroon"
13.2344,-8.83833,2017,38,0,"","Angola"
14.4351,-5.56277,2017,27,0,"Kimpese","Democratic Republic of the Congo"
15.3139,-4.33167,2017,61,0,"","Democratic Republic of the Congo"
15.3139,-4.33167,2017,100,0,"Kinshasa","Democratic Republic of the Congo"
15.7311,12.7777,2017,78,0,"Huambo","Angola"
16.7001,8.46722,2017,189,0,"Komé","Chad"
18.2229,0.002214,2017,63,0,"Bolenge","Democratic Republic of the Congo"
18.4202,-4.42545,2017,73,0,"Vanga","Democratic Republic of the Congo"
20.2963,3.32167,2017,64,0,"Karawa","Democratic Republic of the Congo"
22.3177,-6.02425,2017,104,0,"Mikalayi","Democratic Republic of the Congo"
25.0033,-8.73439,2017,72,0,"Kamina","Democratic Republic of the Congo"
25.1875,0.512155,2017,92,0,"Kisangani","Democratic Republic of the Congo"
25.2202,0.515363,2017,21,0,"Kabondo","Democratic Republic of the Congo"
26.325,-10.6152,2017,60,0,"Fungurume","Democratic Republic of the Congo"
26.6185,-2.56638,2017,67,0,"Kalima","Democratic Republic of the Congo"
26.9522,-10.9424,2017,62,0,"Kapolowe","Democratic Republic of the Congo"
27.4775,-11.6689,2017,53,0,"Lubumbashi","Democratic Republic of the Congo"
28.2833,-15.4167,2017,70,0,"","Zambia"
28.8314,-2.22502,2017,73,0,"Katana","Democratic Republic of the Congo"
29.4461,-1.1855,2017,90,0,"Rutshuru","Democratic Republic of the Congo"
29.662,-4.88376,2017,138,0,"Kigoma","Tanzania"
29.7426,-0.819525,2017,48,0,"Kanungu","Uganda"
29.8913,-4.49724,2017,70,1,"Buhigwe","Tanzania"
29.8915,-4.4962,2017,70,1,"Buhigwe District","Tanzania"
30.383,-5.1015,2017,67,0,"Uvinza District","Tanzania"
30.91,3.03,2017,42,0,"Arua","Uganda"
30.91,3.03,2017,43,0,"Arua","Uganda"
30.91,3.03,2017,43,1,"Arua district","Uganda"
30.91,3.03,2017,45,1,"Arua","Uganda"
31.395,0.5575,2017,45,0,"Mubende","Uganda"
31.395,0.5575,2017,45,1,"Mubende district","Uganda"
31.395,0.5575,2017,46,2,"Mubende","Uganda"
31.6326,-1.93493,2017,81,0,"Ilemela","Tanzania"
31.7685,-2.63896,2017,82,1,"Chato","Tanzania"
31.7687,-2.6378,2017,82,1,"Chato District","Tanzania"
32,1,2017,16,0,"","Uganda"
32.2881,2.7724,2017,101,8,"Gulu","Uganda"
32.5833,-25.9667,2017,38,0,"","Mozambique"
32.8,3.53333,2017,42,0,"Lamwo","Uganda"
32.8,3.53333,2017,43,0,"Lamwo","Uganda"
32.8,3.53333,2017,43,7,"Lamwo district","Uganda"
32.8,3.53333,2017,44,8,"Lamwo","Uganda"
32.8011,2.42861,2017,46,0,"Kole","Uganda"
32.8011,2.42861,2017,47,2,"Kole","Uganda"
32.8011,2.42861,2017,47,3,"Kole district","Uganda"
32.8333,1.63333,2017,48,0,"Amolatar","Uganda"
32.8333,1.63333,2017,48,0,"Amolatar district","Uganda"
32.8333,1.63333,2017,49,2,"Amolatar","Uganda"
33.2042,0.424444,2017,48,0,"Jinja","Uganda"
33.2042,0.424444,2017,48,0,"Jinja district","Uganda"
33.3306,2.98472,2017,42,0,"Agago","Uganda"
33.3306,2.98472,2017,42,5,"Agago district","Uganda"
33.3306,2.98472,2017,44,4,"Agago","Uganda"
33.9446,-9.55629,2017,17,0,"Kyela","Tanzania"
34.1811,0.692778,2017,48,2,"Tororo","Uganda"
34.1811,0.692778,2017,48,1,"Tororo district","Uganda"
34.3833,-0.183333,2017,121,0,"Asembo","Kenya"
34.8045,-11.2911,2017,31,0,"Nyasa District","Tanzania"
37.3354,-11.0369,2017,65,0,"Tunduru District","Tanzania"
37.4717,14.7843,2017,88,7,"Tokombia","Eritrea"
37.8356,14.9192,2017,64,5,"Shambuko","Eritrea"
37.8778,15.5407,2017,19,0,"Akordat","Eritrea"
38.4922,-11.1448,2017,16,0,"Nanyumbu District","Tanzania"
38.8,-10.717,2017,82,0,"Masasi","Tanzania"
38.9929,-6.7813,2017,112,0,"Kibaha","Tanzania"
39,15,2017,25,4,"Guluj","Eritrea"
39.089,15.449,2017,15,0,"Ghindae","Eritrea"
39.2833,-6.8,2017,28,0,"","Tanzania"
39.3933,-6.10809,2017,139,0,"Zanzibar","Tanzania"
40.1821,-10.2787,2017,13,0,"Mtwara District","Tanzania"
-17.366,14.7645,2018,47,0,"Dakar","Senegal"
-16.2341,14.658,2018,190,0,"Diourbel","Senegal"
-16.0833,11.25,2018,14,0,"Bissagos","Guinea-Bissau"
-12.1782,12.5659,2018,290,0,"Kedougou Region","Senegal"
-11.1366,6.8182,2018,90,0,"Garwula","Liberia"
-10.62,6.44723,2018,91,0,"Bensonville","Liberia"
-10.3528,6.52959,2018,89,0,"Kakata","Liberia"
-8.84029,6.96139,2018,89,0,"Saclepea","Liberia"
-4.914,10.2799,2018,108,0,"Niangoloko","Burkina Faso"
-2.3561,13.2018,2018,120,0,"Gourcy","Burkina Faso"
-2.18869,12.6842,2018,139,0,"Nanoro","Burkina Faso"
-1.27314,5.5662,2018,59,4,"Central region","Ghana"
-0.946474,9.55771,2018,72,1,"Kumbungu District","Ghana"
-0.3302,5.6417,2018,19,0,"Oduman","Ghana"
-0.2993,5.7021,2018,35,1,"Amasaman","Ghana"
-0.2704,5.7206,2018,24,1,"Mayera","Ghana"
-0.2,5.55,2018,84,3,"Greater Accra region","Ghana"
2.0703,7.1829,2018,115,0,"Bohicon","Benin"
2.9352,11.1301,2018,30,0,"Kandi","Benin"
7.48333,9.06667,2018,30,1,"","Nigeria"
7.48333,9.06667,2018,156,0,"","Nigeria"
7.5621,6.3061,2018,100,0,"Agbani","Nigeria"
8.4246,11.7699,2018,100,0,"Kura","Nigeria"
8.70697,3.75353,2018,112,0,"Malabo","Equatorial Guinea"
8.70697,3.75353,2018,131,0,"Malabo","Equatorial Guinea"
8.74812,3.61983,2018,290,1,"Bioko Island","Equatorial Guinea"
8.9134,9.5256,2018,100,0,"Barkin Ladi","Nigeria"
9.77049,1.86165,2018,175,0,"Bata","Equatorial Guinea"
11.2281,2.0181,2018,170,0,"Ebebiyin","Equatorial Guinea"
11.5167,3.86667,2018,54,0,"Yaoundé","Cameroon"
11.5167,3.86667,2018,60,0,"Yaoundé","Cameroon"
11.5167,3.86667,2018,150,0,"Yaoundé","Cameroon"
12.2018,-5.5762,2018,50,0,"Cabinda city","Angola"
14.7896,14.7896,2018,73,0,"Thiès","Senegal"
15.3139,-4.33167,2018,304,0,"","Democratic Republic of the Congo"
18.5833,4.36667,2018,70,0,"Bangui","Central African Republic"
18.5833,4.36667,2018,117,0,"Bangui","Central African Republic"
28.2833,-15.4167,2018,282,1,"","Zambia"
29.0111,-2.69748,2018,85,3,"Bugarama","Rwanda"
29.7426,-0.819525,2018,35,0,"Kanungu","Uganda"
29.7426,-0.819525,2018,36,1,"Kanungu","Uganda"
29.7426,-0.819525,2018,37,1,"Kanungu","Uganda"
29.7426,-0.819525,2018,38,0,"Kanungu","Uganda"
29.7426,-0.819525,2018,39,0,"Kanungu","Uganda"
30.0345,-1.95463,2018,73,20,"Kigali","Rwanda"
30.0867,0.172391,2018,17,0,"Kasese","Uganda"
30.0867,0.172391,2018,18,0,"Kasese","Uganda"
30.0867,0.172391,2018,19,0,"Kasese","Uganda"
30.0867,0.172391,2018,21,0,"Kasese","Uganda"
30.0867,0.172391,2018,23,0,"Kasese","Uganda"
30.0867,0.172391,2018,24,0,"Kasese","Uganda"
30.2121,-1.99169,2018,51,0,"Masaka","Rwanda"
30.2121,-1.99169,2018,52,11,"Masaka","Rwanda"
30.5042,-1.80002,2018,82,24,"Rukara","Rwanda"
30.6367,-29.8032,2018,532,0,"Mpumalanga","South Africa"
30.91,3.03,2018,20,0,"Arua","Uganda"
30.91,3.03,2018,24,0,"Arua","Uganda"
30.91,3.03,2018,25,0,"Arua","Uganda"
30.91,3.03,2018,27,0,"Arua","Uganda"
30.91,3.03,2018,30,0,"Arua","Uganda"
30.91,3.03,2018,31,0,"Arua","Uganda"
30.91,3.03,2018,32,0,"Arua","Uganda"
30.91,3.03,2018,34,0,"Arua","Uganda"
30.91,3.03,2018,35,0,"Arua","Uganda"
30.91,3.03,2018,59,0,"Arua","Uganda"
30.9614,3.41397,2018,23,0,"Koboko","Uganda"
30.9614,3.41397,2018,26,0,"Koboko","Uganda"
30.9614,3.41397,2018,27,0,"Koboko","Uganda"
30.9614,3.41397,2018,32,0,"Koboko","Uganda"
30.9614,3.41397,2018,33,0,"Koboko","Uganda"
30.9614,3.41397,2018,34,0,"Koboko","Uganda"
30.9614,3.41397,2018,35,0,"Koboko","Uganda"
30.9614,3.41397,2018,36,0,"Koboko","Uganda"
30.9614,3.41397,2018,40,0,"Koboko","Uganda"
31.3556,1.42975,2018,40,0,"Hoima","Uganda"
31.3556,1.42975,2018,42,1,"Hoima","Uganda"
31.3556,1.42975,2018,43,1,"Hoima","Uganda"
31.3556,1.42975,2018,44,1,"Hoima","Uganda"
31.3556,1.42975,2018,45,0,"Hoima","Uganda"
31.3556,1.42975,2018,46,0,"Hoima","Uganda"
31.395,0.5575,2018,34,4,"Mubende","Uganda"
31.395,0.5575,2018,36,0,"Mubende","Uganda"
31.395,0.5575,2018,38,4,"Mubende","Uganda"
31.395,0.5575,2018,41,0,"Mubende","Uganda"
32,1,2018,169,0,"","Uganda"
32.2881,2.7724,2018,67,9,"Gulu","Uganda"
32.6365,-25.0247,2018,107,0,"Magude District","Mozambique"
32.7205,2.01838,2018,42,0,"Aduku","Uganda"
32.8,3.53333,2018,31,0,"Lamwo","Uganda"
32.8,3.53333,2018,34,16,"Lamwo","Uganda"
32.8,3.53333,2018,36,1,"Lamwo","Uganda"
32.8011,2.42861,2018,30,1,"Kole","Uganda"
32.8011,2.42861,2018,34,1,"Kole","Uganda"
32.8011,2.42861,2018,36,0,"Kole","Uganda"
32.8333,1.63333,2018,11,0,"Amolatar","Uganda"
32.8333,1.63333,2018,22,0,"Amolatar","Uganda"
32.8333,1.63333,2018,25,0,"Amolatar","Uganda"
32.8333,1.63333,2018,27,0,"Amolatar","Uganda"
32.8333,1.63333,2018,28,0,"Amolatar","Uganda"
32.8333,1.63333,2018,29,0,"Amolatar","Uganda"
32.8333,1.63333,2018,31,0,"Amolatar","Uganda"
33.2042,0.424444,2018,33,0,"Jinja","Uganda"
33.2042,0.424444,2018,34,1,"Jinja","Uganda"
33.2042,0.424444,2018,35,0,"Jinja","Uganda"
33.2042,0.424444,2018,37,0,"Jinja","Uganda"
33.2042,0.424444,2018,38,1,"Jinja","Uganda"
33.2042,0.424444,2018,39,0,"Jinja","Uganda"
33.2042,0.424444,2018,40,0,"Jinja","Uganda"
33.3306,2.98472,2018,30,0,"Agago","Uganda"
33.3306,2.98472,2018,31,2,"Agago","Uganda"
33.3306,2.98472,2018,32,5,"Agago","Uganda"
33.3306,2.98472,2018,35,1,"Agago","Uganda"
33.9602,1.91601,2018,38,5,"Katakwi","Uganda"
33.9602,1.91601,2018,40,2,"Katakwi","Uganda"
33.9602,1.91601,2018,45,1,"Katakwi","Uganda"
34.0344,0.41291,2018,83,0,"Masafu","Uganda"
34.1321,3.51472,2018,29,0,"Kaabong","Uganda"
34.1321,3.51472,2018,30,8,"Kaabong","Uganda"
34.1321,3.51472,2018,34,3,"Kaabong","Uganda"
34.1811,0.692778,2018,30,0,"Tororo","Uganda"
34.1811,0.692778,2018,32,0,"Tororo","Uganda"
34.1811,0.692778,2018,43,0,"Tororo","Uganda"
37.0669,10.7061,2018,144,28,"Amhara","Ethiopia"
38.5677,13.9548,2018,36,3,"Tigray","Ethiopia"
39.85,-3.6333,2018,211,0,"Kilifi district","Kenya"
49.1844,11.28,2018,88,1,"Bosaso","Somalia"
-17.366,14.7645,2019,27,0,"Dakar","Senegal"
-16.2341,14.658,2019,97,0,"Diourbel","Senegal"
-14.9422,12.9004,2019,200,0,"Kolda","Senegal"
-12.1782,12.5659,2019,100,0,"Kedougou Region","Senegal"
2.9352,11.1301,2019,60,0,"Kandi","Benin"
8.767,3.73203,2019,139,0,"","Equatorial Guinea"
9.29454,0.411743,2019,58,0,"Libreville","Gabon"
14.7896,14.7896,2019,83,0,"Thiès","Senegal"
15.3139,-4.33167,2019,97,0,"Kinshasa","Democratic Republic of the Congo"
15.3139,-4.33167,2019,153,0,"Kinshasa","Democratic Republic of the Congo"
18.2229,0.002214,2019,76,0,"Bolenge","Democratic Republic of the Congo"
18.4202,-4.42545,2019,85,0,"Vanga","Democratic Republic of the Congo"
20.2963,3.32167,2019,87,0,"Karawa","Democratic Republic of the Congo"
25.0033,-8.73439,2019,78,0,"Kamina","Democratic Republic of the Congo"
25.1875,0.512155,2019,94,0,"Kisangani","Democratic Republic of the Congo"
26.325,-10.6152,2019,69,0,"Fungurume","Democratic Republic of the Congo"
26.6185,-2.56638,2019,80,0,"Kalima","Democratic Republic of the Congo"
26.9833,-16.75,2019,50,3,"","Zambia"
27.4775,-11.6689,2019,80,0,"Lubumbashi","Democratic Republic of the Congo"
28.8314,-2.22502,2019,76,0,"Katana","Democratic Republic of the Congo"
29.7181,-2.56041,2019,66,5,"Huye District","Rwanda"
29.7426,-0.819525,2019,27,0,"Kanungu","Uganda"
29.7426,-0.819525,2019,31,0,"Kanungu","Uganda"
29.7426,-0.819525,2019,33,0,"Kanungu","Uganda"
29.7426,-0.819525,2019,35,0,"Kanungu","Uganda"
29.7426,-0.819525,2019,37,0,"Kanungu","Uganda"
29.7426,-0.819525,2019,40,0,"Kanungu","Uganda"
29.7426,-0.819525,2019,59,0,"Kanungu","Uganda"
29.7426,-0.819525,2019,61,0,"Kanungu","Uganda"
29.7426,-0.819525,2019,62,0,"Kanungu","Uganda"
29.7426,-0.819525,2019,64,0,"Kanungu","Uganda"
29.9856,-1.24196,2019,15,1,"Kabale","Uganda"
30.0867,0.172391,2019,26,0,"Kasese","Uganda"
30.0867,0.172391,2019,29,2,"Kasese","Uganda"
30.0867,0.172391,2019,30,0,"Kasese","Uganda"
30.0867,0.172391,2019,31,0,"Kasese","Uganda"
30.0867,0.172391,2019,32,0,"Kasese","Uganda"
30.0867,0.172391,2019,33,1,"Kasese","Uganda"
30.0867,0.172391,2019,39,0,"Kasese","Uganda"
30.0867,0.172391,2019,60,0,"Kasese","Uganda"
30.0867,0.172391,2019,61,2,"Kasese","Uganda"
30.0867,0.172391,2019,64,0,"Kasese","Uganda"
30.1,-1.1933,2019,14,0,"Rukiga","Uganda"
30.1,-1.1933,2019,21,1,"Rukiga","Uganda"
30.1,-1.1933,2019,23,0,"Rukiga","Uganda"
30.1,-1.1933,2019,26,0,"Rukiga","Uganda"
30.6367,-29.8032,2019,2385,0,"Nkomazi","South Africa"
30.91,3.03,2019,24,0,"Arua","Uganda"
30.91,3.03,2019,29,1,"Arua","Uganda"
30.91,3.03,2019,34,1,"Arua","Uganda"
30.9614,3.41397,2019,11,0,"Koboko","Uganda"
30.9614,3.41397,2019,12,0,"Koboko","Uganda"
30.9614,3.41397,2019,13,0,"Koboko","Uganda"
30.9614,3.41397,2019,19,0,"Koboko","Uganda"
30.9614,3.41397,2019,20,0,"Koboko","Uganda"
31.3556,1.42975,2019,40,0,"Hoima","Uganda"
31.3556,1.42975,2019,41,0,"Hoima","Uganda"
31.3556,1.42975,2019,42,1,"Hoima","Uganda"
31.3556,1.42975,2019,44,0,"Hoima","Uganda"
31.3556,1.42975,2019,45,2,"Hoima","Uganda"
31.3556,1.42975,2019,47,0,"Hoima","Uganda"
31.3556,1.42975,2019,79,1,"Hoima","Uganda"
31.3556,1.42975,2019,82,0,"Hoima","Uganda"
31.3556,1.42975,2019,83,0,"Hoima","Uganda"
31.3556,1.42975,2019,89,2,"Hoima","Uganda"
31.395,0.5575,2019,21,0,"Mubende","Uganda"
31.395,0.5575,2019,22,0,"Mubende","Uganda"
31.395,0.5575,2019,24,0,"Mubende","Uganda"
32,1,2019,16,0,"","Uganda"
32.2881,2.7724,2019,96,15,"Gulu","Uganda"
32.4467,2.2776,2019,114,3,"Oyam","Uganda"
32.7633,1.9033,2019,59,2,"Kwania","Uganda"
32.8,3.53333,2019,20,0,"Lamwo","Uganda"
32.8,3.53333,2019,21,0,"Lamwo","Uganda"
32.8,3.53333,2019,25,0,"Lamwo","Uganda"
32.8,3.53333,2019,26,12,"Lamwo","Uganda"
32.8,3.53333,2019,27,0,"Lamwo","Uganda"
32.8,3.53333,2019,31,0,"Lamwo","Uganda"
32.8,3.53333,2019,49,6,"Lamwo","Uganda"
32.8,3.53333,2019,50,5,"Lamwo","Uganda"
32.8011,2.42861,2019,28,7,"Kole","Uganda"
32.8011,2.42861,2019,39,0,"Kole","Uganda"
32.8011,2.42861,2019,56,3,"Kole","Uganda"
32.8011,2.42861,2019,57,0,"Kole","Uganda"
32.8011,2.42861,2019,60,2,"Kole","Uganda"
32.8011,2.42861,2019,112,10,"Kole","Uganda"
32.8333,1.63333,2019,12,0,"Amolatar","Uganda"
32.8333,1.63333,2019,13,0,"Amolatar","Uganda"
32.8333,1.63333,2019,14,0,"Amolatar","Uganda"
32.8333,1.63333,2019,15,0,"Amolatar","Uganda"
32.8333,1.63333,2019,17,1,"Amolatar","Uganda"
32.8333,1.63333,2019,18,0,"Amolatar","Uganda"
32.8333,1.63333,2019,25,0,"Amolatar","Uganda"
32.8333,1.63333,2019,26,0,"Amolatar","Uganda"
32.8333,1.63333,2019,28,0,"Amolatar","Uganda"
32.8333,1.63333,2019,30,1,"Amolatar","Uganda"
32.8333,1.63333,2019,244,0,"Amolatar","Uganda"
33.2042,0.424444,2019,43,0,"Jinja","Uganda"
33.2042,0.424444,2019,50,0,"Jinja","Uganda"
33.2042,0.424444,2019,89,0,"Jinja","Uganda"
33.2042,0.424444,2019,90,0,"Jinja","Uganda"
33.2042,0.424444,2019,91,0,"Jinja","Uganda"
33.3306,2.98472,2019,19,8,"Agago","Uganda"
33.3306,2.98472,2019,39,0,"Agago","Uganda"
33.3306,2.98472,2019,46,8,"Agago","Uganda"
33.3306,2.98472,2019,47,10,"Agago","Uganda"
33.3306,2.98472,2019,48,0,"Agago","Uganda"
33.9602,1.91601,2019,32,4,"Katakwi","Uganda"
33.9602,1.91601,2019,36,0,"Katakwi","Uganda"
33.9602,1.91601,2019,55,0,"Katakwi","Uganda"
33.9602,1.91601,2019,57,6,"Katakwi","Uganda"
33.9602,1.91601,2019,61,3,"Katakwi","Uganda"
34.1321,3.51472,2019,22,10,"Kaabong","Uganda"
34.1321,3.51472,2019,31,0,"Kaabong","Uganda"
34.1321,3.51472,2019,44,0,"Kaabong","Uganda"
34.1321,3.51472,2019,45,0,"Kaabong","Uganda"
34.1321,3.51472,2019,46,10,"Kaabong","Uganda"
34.1811,0.692778,2019,44,0,"Tororo","Uganda"
34.1811,0.692778,2019,70,0,"Tororo","Uganda"
34.1811,0.692778,2019,71,0,"Tororo","Uganda"
34.1811,0.692778,2019,73,0,"Tororo","Uganda"
34.4492,1.39583,2019,14,0,"Kapchorwa","Uganda"
34.4492,1.39583,2019,15,0,"Kapchorwa","Uganda"
34.4492,1.39583,2019,16,0,"Kapchorwa","Uganda"
34.4492,1.39583,2019,18,0,"Kapchorwa","Uganda"
34.4492,1.39583,2019,19,0,"Kapchorwa","Uganda"
34.4492,1.39583,2019,20,0,"Kapchorwa","Uganda"
34.4492,1.39583,2019,21,0,"Kapchorwa","Uganda"
34.4492,1.39583,2019,22,0,"Kapchorwa","Uganda"
34.768,-0.091702,2019,196,0,"Kisumu","Kenya"
36.6592,15.1048,2019,61,7,"Tesseney","Eritrea"
36.6791,-1.2472,2019,35,0,"Kikuyu","Kenya"
37.4717,14.7843,2019,62,7,"Tokombia","Eritrea"
37.4717,14.7843,2019,86,25,"Tokombia","Eritrea"
37.5907,15.1075,2019,91,10,"Barentu","Eritrea"
37.8356,14.9192,2019,61,7,"Shambuko","Eritrea"
37.8356,14.9192,2019,86,8,"Shambuko","Eritrea"
37.8778,15.5407,2019,61,16,"Akordat","Eritrea"
37.8778,15.5407,2019,95,13,"Agordat","Eritrea"
38.2648,15.7063,2019,25,7,"Hagaz","Eritrea"
38.4531,15.7807,2019,91,9,"Keren","Eritrea"
38.8129,14.8841,2019,51,3,"Mendefera","Eritrea"
38.9359,-7.72411,2019,422,1,"Kibiti","Tanzania"
39,15,2019,96,21,"Guluj","Eritrea"
39.1333,15.4333,2019,40,5,"Matmine","Eritrea"
-16.2341,14.658,2020,99,0,"Diourbel","Senegal"
-16.0762,14.1608,2020,94,0,"Kaolack","Senegal"
-14.9422,12.9004,2020,95,0,"Kolda","Senegal"
-12.1782,12.5659,2020,96,0,"Kedougou Region","Senegal"
14.7896,14.7896,2020,49,0,"Thiès","Senegal"
26.9833,-16.75,2020,140,5,"","Zambia"
29.7426,-0.819525,2020,91,6,"Kanungu","Uganda"
29.7426,-0.819525,2020,94,1,"Kanungu","Uganda"
30.0867,0.172391,2020,89,2,"Kasese","Uganda"
30.0867,0.172391,2020,90,0,"Kasese","Uganda"
30.0867,0.172391,2020,92,0,"Kasese","Uganda"
30.1,-1.1933,2020,39,12,"Rukiga","Uganda"
30.91,3.03,2020,81,0,"Arua","Uganda"
30.9614,3.41397,2020,54,0,"Koboko","Uganda"
30.9614,3.41397,2020,55,2,"Koboko","Uganda"
30.9614,3.41397,2020,62,0,"Koboko","Uganda"
30.9614,3.41397,2020,64,5,"Koboko","Uganda"
31.3556,1.42975,2020,92,14,"Hoima","Uganda"
31.395,0.5575,2020,87,6,"Mubende","Uganda"
31.395,0.5575,2020,88,4,"Mubende","Uganda"
32.8,3.53333,2020,84,44,"Lamwo","Uganda"
32.8011,2.42861,2020,84,0,"Kole","Uganda"
32.8011,2.42861,2020,85,12,"Kole","Uganda"
32.8011,2.42861,2020,86,10,"Kole","Uganda"
32.8333,1.63333,2020,85,0,"Amolatar","Uganda"
33.2042,0.424444,2020,96,0,"Jinja","Uganda"
33.3306,2.98472,2020,79,46,"Agago","Uganda"
33.9602,1.91601,2020,86,0,"Katakwi","Uganda"
33.9602,1.91601,2020,87,14,"Katakwi","Uganda"
33.9602,1.91601,2020,88,6,"Katakwi","Uganda"
34.1321,3.51472,2020,75,27,"Kaabong","Uganda"
34.1811,0.692778,2020,40,0,"Tororo","Uganda"
34.1811,0.692778,2020,41,0,"Tororo","Uganda"
37.6591,6.8278,2020,95,1,"Morogoro","Tanzania"
26.9833,-16.75,2021,19,1,"","Zambia"
29.7426,-0.819525,2021,37,0,"Kanungu","Uganda"
29.7426,-0.819525,2021,44,0,"Kanungu","Uganda"
29.7426,-0.819525,2021,46,3,"Kanungu","Uganda"
29.7426,-0.819525,2021,50,3,"Kanungu","Uganda"
30.0867,0.172391,2021,61,0,"Kasese","Uganda"
30.0867,0.172391,2021,75,0,"Kasese","Uganda"
30.0867,0.172391,2021,76,11,"Kasese","Uganda"
30.0867,0.172391,2021,78,0,"Kasese","Uganda"
30.1,-1.1933,2021,67,11,"Rukiga","Uganda"
30.1,-1.1933,2021,72,29,"Rukiga","Uganda"
30.1,-1.1933,2021,82,2,"Rukiga","Uganda"
30.1,-1.1933,2021,83,1,"Rukiga","Uganda"
30.5042,-1.80002,2021,88,29,"Rukara","Rwanda"
30.91,3.03,2021,56,0,"Arua","Uganda"
30.91,3.03,2021,68,3,"Arua","Uganda"
30.91,3.03,2021,69,0,"Arua","Uganda"
30.9614,3.41397,2021,27,0,"Koboko","Uganda"
30.9614,3.41397,2021,44,5,"Koboko","Uganda"
30.9614,3.41397,2021,46,1,"Koboko","Uganda"
30.9614,3.41397,2021,47,0,"Koboko","Uganda"
31.3556,1.42975,2021,65,0,"Hoima","Uganda"
31.3556,1.42975,2021,82,0,"Hoima","Uganda"
31.395,0.5575,2021,16,0,"Mubende","Uganda"
31.395,0.5575,2021,19,1,"Mubende","Uganda"
32,1,2021,39,2,"","Uganda"
32.8,3.53333,2021,42,0,"Lamwo","Uganda"
32.8,3.53333,2021,51,16,"Lamwo","Uganda"
32.8,3.53333,2021,53,12,"Lamwo","Uganda"
32.8,3.53333,2021,58,0,"Lamwo","Uganda"
32.8011,2.42861,2021,42,0,"Kole","Uganda"
32.8011,2.42861,2021,54,0,"Kole","Uganda"
32.8011,2.42861,2021,56,0,"Kole","Uganda"
32.8011,2.42861,2021,58,2,"Kole","Uganda"
32.8333,1.63333,2021,48,0,"Amolatar","Uganda"
32.8333,1.63333,2021,49,0,"Amolatar","Uganda"
32.8333,1.63333,2021,50,1,"Amolatar","Uganda"
33.2042,0.424444,2021,74,0,"Jinja","Uganda"
33.2042,0.424444,2021,95,0,"Jinja","Uganda"
33.3306,2.98472,2021,43,0,"Agago","Uganda"
33.3306,2.98472,2021,50,8,"Agago","Uganda"
33.3306,2.98472,2021,52,7,"Agago","Uganda"
33.3306,2.98472,2021,53,25,"Agago","Uganda"
33.3306,2.98472,2021,54,0,"Agago","Uganda"
33.3306,2.98472,2021,59,13,"Agago district","Uganda"
33.9602,1.91601,2021,41,0,"Katakwi","Uganda"
33.9602,1.91601,2021,58,16,"Katakwi","Uganda"
34.1321,3.51472,2021,40,0,"Kaabong","Uganda"
34.1321,3.51472,2021,57,10,"Kaabong","Uganda"
34.1321,3.51472,2021,59,10,"Kaabong","Uganda"
34.1321,3.51472,2021,60,0,"Kaabong","Uganda"
34.1811,0.692778,2021,66,0,"Tororo","Uganda"
34.1811,0.692778,2021,73,3,"Tororo","Uganda"
34.1811,0.692778,2021,74,3,"Tororo","Uganda"
34.1811,0.692778,2021,155,4,"Tororo","Uganda"
34.1811,0.692778,2021,156,4,"Tororo","Uganda"
34.4492,1.39583,2021,69,0,"Kapchorwa","Uganda"
34.4492,1.39583,2021,71,3,"Kapchorwa","Uganda"
34.4492,1.39583,2021,77,1,"Kapchorwa","Uganda"
26.9833,-16.75,2022,54,5,"","Zambia"
29.7426,-0.819525,2022,51,1,"Kanungu","Uganda"
29.7426,-0.819525,2022,64,2,"Kanungu","Uganda"
29.7426,-0.819525,2022,65,15,"Kanungu","Uganda"
30.0867,0.172391,2022,85,0,"Kasese","Uganda"
30.0867,0.172391,2022,88,0,"Kasese","Uganda"
30.0867,0.172391,2022,91,22,"Kasese","Uganda"
30.0867,0.172391,2022,92,3,"Kasese","Uganda"
30.1,-1.1933,2022,46,1,"Rukiga","Uganda"
30.1,-1.1933,2022,53,12,"Rukiga","Uganda"
30.1,-1.1933,2022,59,3,"Rukiga","Uganda"
30.1,-1.1933,2022,60,23,"Rukiga","Uganda"
30.91,3.03,2022,67,0,"Arua","Uganda"
30.91,3.03,2022,70,0,"Arua","Uganda"
30.91,3.03,2022,76,7,"Arua","Uganda"
30.91,3.03,2022,78,2,"Arua","Uganda"
30.9614,3.41397,2022,35,0,"Koboko","Uganda"
30.9614,3.41397,2022,47,6,"Koboko","Uganda"
30.9614,3.41397,2022,48,1,"Koboko","Uganda"
31.0241,-1.71925,2022,173,39,"Bukangara","Tanzania"
31.2,3,2022,59,1,"West Nile","Uganda"
31.3556,1.42975,2022,53,0,"Hoima","Uganda"
31.3556,1.42975,2022,60,0,"Hoima","Uganda"
31.3556,1.42975,2022,63,14,"Hoima","Uganda"
31.395,0.5575,2022,52,6,"Mubende","Uganda"
31.395,0.5575,2022,53,6,"Mubende","Uganda"
31.7864,3.37584,2022,80,12,"Adjumani","Uganda"
32.8,3.53333,2022,37,0,"Lamwo","Uganda"
32.8,3.53333,2022,46,0,"Lamwo","Uganda"
32.8,3.53333,2022,53,19,"Lamwo","Uganda"
32.8011,2.42861,2022,37,0,"Kole","Uganda"
32.8011,2.42861,2022,72,0,"Kole","Uganda"
32.8011,2.42861,2022,74,9,"Kole","Uganda"
32.8011,2.42861,2022,78,6,"Kole","Uganda"
32.8333,1.63333,2022,13,0,"Amolatar","Uganda"
32.8899,2.2677,2022,60,14,"Lango","Uganda"
32.9136,3.14361,2022,59,12,"Acholi","Uganda"
33.2042,0.424444,2022,92,0,"Jinja","Uganda"
33.2042,0.424444,2022,99,1,"Jinja","Uganda"
33.3306,2.98472,2022,55,0,"Agago","Uganda"
33.3306,2.98472,2022,64,0,"Agago","Uganda"
33.3306,2.98472,2022,67,19,"Agago","Uganda"
33.3306,2.98472,2022,68,9,"Agago","Uganda"
33.3306,2.98472,2022,107,11,"Agago district","Uganda"
33.3306,2.98472,2022,108,6,"Agago district","Uganda"
33.9602,1.91601,2022,62,0,"Katakwi","Uganda"
33.9602,1.91601,2022,68,0,"Katakwi","Uganda"
33.9602,1.91601,2022,75,14,"Katakwi","Uganda"
33.9602,1.91601,2022,78,18,"Katakwi","Uganda"
34.1321,3.51472,2022,54,0,"Kaabong","Uganda"
34.1321,3.51472,2022,60,0,"Kaabong","Uganda"
34.1321,3.51472,2022,64,10,"Kaabong","Uganda"
34.1321,3.51472,2022,68,4,"Kaabong","Uganda"
34.1532,2.83087,2022,309,52,"Karamoja","Uganda"
34.1532,2.8309,2022,60,19,"Karamoja","Uganda"
34.1811,0.692778,2022,39,0,"Tororo","Uganda"
34.1811,0.692778,2022,48,0,"Tororo","Uganda"
34.1811,0.692778,2022,51,5,"Tororo","Uganda"
34.1811,0.692778,2022,57,9,"Tororo","Uganda"
34.1811,0.692778,2022,169,3,"Tororo","Uganda"
34.1811,0.692778,2022,170,9,"Tororo","Uganda"
34.2422,0.4347,2022,226,3,"Busia County","Kenya"
34.4492,1.39583,2022,12,0,"Kapchorwa","Uganda"
34.4492,1.39583,2022,26,0,"Kapchorwa","Uganda"
34.4492,1.39583,2022,27,2,"Kapchorwa","Uganda"
34.4492,1.39583,2022,30,9,"Kapchorwa","Uganda"
14.4,-18.4,2023,27,0,"Omusati","Namibia"
18.91,-18.25,2023,12,0,"Kavango West","Namibia"
18.91,-18.25,2023,13,0,"Kavango West","Namibia"
20.5833,-18.3333,2023,11,4,"Kavango East","Namibia"
24.6667,-17.5,2023,191,2,"Zambezi","Namibia"
24.6667,-17.5,2023,199,3,"Zambezi","Namibia"
24.6667,-17.5,2023,202,81,"Zambezi","Namibia"
24.6667,-17.5,2023,203,3,"Zambezi","Namibia"
26.9833,-16.75,2023,209,24,"","Zambia"
29.7181,-2.56041,2023,212,37,"Huye District","Rwanda"
33.3306,2.98472,2023,134,20,"Agago district","Uganda"
33.3306,2.98472,2023,149,7,"Agago district","Uganda"
34.1811,0.692778,2023,167,3,"Tororo","Uganda"
34.1811,0.692778,2023,176,11,"Tororo","Uganda"
42.5903,11.8251,2023,68,1,"","Djibouti"
33.3306,2.98472,2024,102,17,"Agago district","Uganda"
33.3306,2.98472,2024,109,3,"Agago district","Uganda"
34.1811,0.692778,2024,73,4,"Tororo","Uganda"
34.1811,0.692778,2024,74,3,"Tororo","Uganda"
-14.2167,13.3167,2002,50,0,"Basse","Gambia"
11.5167,3.86667,2003,200,0,"Yaoundé","Cameroon"
38.0813,-7.98074,2003,36,0,"Rufiji","Tanzania"
-0.62284,5.33871,2004,32,0,"Winneba","Ghana"
-6.91667,10.7833,2005,36,0,"Bougoula-Hameau","Mali"
9.78368,2.04405,2005,29,0,"Ngonamanga","Equatorial Guinea"
10.1739,1.74579,2005,29,0,"Miyobo","Equatorial Guinea"
11.5167,3.86667,2005,111,0,"Yaoundé","Cameroon"
-4.00826,5.35995,2006,31,0,"Abidjan","Côte d'Ivoire"
11.5167,3.86667,2006,51,0,"Yaoundé","Cameroon"
11.8664,-4.76916,2006,30,0,"Pointe-Noire","Congo"
15.3139,-4.33167,2006,35,0,"Kinshasa","Democratic Republic of the Congo"
38.6667,-6.4,2006,50,0,"Fukayosi","Tanzania"
43.2473,-11.7172,2006,45,0,"Moroni","Comoros"
43.2799,-11.812,2006,31,0,"Mitsoudje","Comoros"
43.2934,-11.3888,2006,19,0,"Mitsamiouli","Comoros"
-8.3365,13.1372,2007,30,0,"Faladie","Mali"
-8.31791,12.1977,2007,47,0,"Kolle","Mali"
13.4833,-5.81667,2007,50,0,"Bas-Congo","Democratic Republic of the Congo"
15.3139,-4.33167,2007,50,0,"Kinshasa","Democratic Republic of the Congo"
17.379,-3.31681,2007,50,0,"Bandundu","Democratic Republic of the Congo"
-9.4895,13.0341,2009,117,0,"Kita","Mali"
-4.9,13.3,2009,130,0,"San","Mali"
34.2422,-0.0617328,2009,53,0,"Siaya district","Kenya"
-8.31791,12.1977,2010,29,0,"Kolle","Mali"
-7.91435,12.6632,2010,24,0,"Sotuba","Mali"
-1.3,12.5833,2010,273,0,"Ziniare","Burkina Faso"
-1.09028,10.8847,2010,30,0,"Navrongo Wa Yendi","Ghana"
-1.09028,10.8847,2010,76,0,"Navrongo","Ghana"
-0.2,5.55,2010,26,0,"Accra Cape Coast","Ghana"
0.3795,6.3916,2010,40,0,"Begoro Bekwai Hohoe Sunyani Tarkwa","Ghana"
13.2344,-8.83833,2010,50,0,"","Angola"
15.2833,-4.26667,2010,41,0,"Brazzaville","Congo"
34.1811,0.692778,2010,100,0,"Tororo","Uganda"
-6.91667,10.7833,2011,87,0,"Bougoula-Hameau","Mali"
-1.52086,6.74704,2011,69,0,"Ashanti","Ghana"
14.7896,14.7896,2011,26,0,"Thiès","Senegal"
32.5833,-25.9667,2011,50,0,"Maputo","Mozambique"
-14.4722,13.8642,2012,102,0,"Tambacound","Senegal"
-8.1356,12.6129,2012,162,0,"Bamako","Mali"
-0.2,5.55,2012,26,0,"Accra Cape Coast","Ghana"
10.2404,-0.701546,2012,114,0,"Lambaréné","Gabon"
13.2344,-8.83833,2012,29,0,"Luanda","Angola"
14.7896,14.7896,2012,120,0,"Thiès","Senegal"
29.7,-0.75,2012,20,0,"Kihihi","Uganda"
34.2422,-0.0617328,2012,147,0,"Siaya district","Kenya"
34.3833,-0.183333,2012,208,0,"Asembo","Kenya"
38.6381,8.96349,2012,126,0,"Addis Ababa","Ethiopia"
39.85,-3.63333,2012,115,0,"Kilifi","Kenya"
43.25,-11.72,2012,67,0,"Grande Comore","Comoros"
-17.366,14.7645,2013,63,0,"","Senegal"
-8.3365,13.1372,2013,125,0,"Faladie","Mali"
-4.00826,5.35995,2013,16,0,"Abidjan","Côte d'Ivoire"
-1.09028,10.8847,2013,42,0,"Navrongo Wa Yendi","Ghana"
0.3795,6.3916,2013,86,0,"Begoro Bekwai Hohoe Sunyani Tarkwa","Ghana"
1.11612,9.74375,2013,162,0,"Niamtougou","Togo"
1.1449,8.97798,2013,169,0,"Sokode","Togo"
1.23136,6.1725,2013,169,0,"Lome","Togo"
2.10528,13.5214,2013,521,0,"Niamey","Niger"
6.73486,0.336358,2013,60,0,"Água Grande","Sao Tome and Principe"
13.2344,-8.83833,2013,38,0,"","Angola"
14.7896,14.7896,2013,50,0,"Thiès","Senegal"
15.2833,-4.26667,2013,38,0,"Brazzaville","Congo"
30.2121,-1.99169,2013,32,0,"Masaka Ruhuha","Rwanda"
32.2941,2.77378,2013,60,0,"Lira Gulu","Uganda"
33.2042,0.424444,2013,91,0,"Jinja","Uganda"
34.0147,0.77578,2013,20,0,"Nagongera","Uganda"
34.55,-0.0428065,2013,47,0,"Kombewa","Kenya"
34.772,-0.678306,2013,47,0,"Kisii","Kenya"
35.2877,-0.367868,2013,43,0,"Kericho","Kenya"
35.98,0.47,2013,34,0,"Marigat","Kenya"
37.5907,15.1075,2013,25,0,"Barentu","Eritrea"
40.1229,-3.22174,2013,39,0,"Malindi","Kenya"
44.6874,1.80663,2013,94,0,"Janale","Somalia"
45.4905,2.77703,2013,92,0,"Jowhar","Somalia"
47.3724,-18.8873,2013,256,0,"Antananarivo","Madagascar"
-17.366,14.7645,2014,50,0,"Dakar","Senegal"
-17.366,14.7645,2014,92,0,"Dakar","Senegal"
-16.5893,13.4525,2014,12,0,"Banjul","Gambia"
-16.5753,13.4544,2014,77,0,"Banjul","Gambia"
-13.7916,9.60222,2014,86,0,"Conakry","Guinea"
-13.2937,8.45456,2014,32,0,"Freetown","Sierra Leone"
-8.1356,12.6129,2014,465,0,"Bamako","Mali"
-5.35118,6.81623,2014,1083,0,"Yamoussoukro","Côte d'Ivoire"
-5.2744,6.8163,2014,98,0,"","Côte d'Ivoire"
-4.03333,5.31667,2014,664,0,"","Côte d'Ivoire"
-1.51966,12.3714,2014,589,0,"Ouagadougou","Burkina Faso"
-1.24723,5.10506,2014,92,0,"Cape Coast","Ghana"
-1.1,10.9,2014,99,0,"Navrongo","Ghana"
-0.2,5.55,2014,22,0,"Accra","Ghana"
-0.2,5.55,2014,30,0,"Accra","Ghana"
0.321956,0.321956,2014,53,0,"Kampala","Uganda"
1.17665,6.18249,2014,508,0,"Lome","Togo"
2.62885,6.49686,2014,234,0,"Porto-Novo","Benin"
3.33845,6.54083,2014,15,0,"Shomolu","Nigeria"
3.38457,6.51941,2014,89,0,"Lagos","Nigeria"
7.48333,9.06667,2014,27,0,"","Nigeria"
8.767,3.73203,2014,14,0,"","Equatorial Guinea"
9.2534,4.1535,2014,11,0,"Buea","Cameroon"
9.29454,0.411743,2014,407,0,"Libreville","Gabon"
11.5167,3.86667,2014,26,0,"Yaoundé","Cameroon"
11.5167,3.86667,2014,901,0,"Yaoundé","Cameroon"
13.2344,-8.83833,2014,139,0,"Luanda","Angola"
13.4,9.3,2014,49,0,"Garoua","Cameroon"
15.0282,12.1292,2014,33,0,"D'Djamena","Chad"
15.2833,-4.26667,2014,18,0,"Brazzaville","Congo"
15.2833,-4.26667,2014,34,0,"Brazzaville","Congo"
15.3139,-4.33167,2014,16,0,"Kinshasa","Democratic Republic of the Congo"
29.4667,-2.4,2014,20,0,"Nyamagabe District","Rwanda"
29.7181,-2.56041,2014,33,0,"Huye District","Rwanda"
29.7333,-2.35,2014,45,0,"Nyanza District","Rwanda"
30.0345,-1.95463,2014,292,0,"Kigali","Rwanda"
30.145,-2.205,2014,48,0,"Bugesera District","Rwanda"
30.6193,-0.611435,2014,283,0,"Mbarara","Uganda"
33.712,-13.9632,2014,13,0,"Lilongwe","Malawi"
34.768,-0.091702,2014,108,0,"Kisumu","Kenya"
34.9154,-0.175084,2014,284,0,"Ahero","Kenya"
37.5907,15.1075,2014,138,0,"Barentu","Eritrea"
38,8,2014,82,0,"null","Ethiopia"
39.1142,-6.76936,2014,232,0,"Dar es Salaam","Tanzania"
43.0929,-11.651,2014,18,0,"Grande Comore Comores","Comoros"
43.2473,-11.7172,2014,38,0,"Moroni","Comoros"
43.2473,-11.7172,2014,352,0,"Moroni","Comoros"
43.2799,-11.812,2014,26,0,"Mitsoudje","Comoros"
43.2934,-11.3888,2014,21,0,"Mitsamiouli","Comoros"
47.3724,-18.8873,2014,97,0,"Antananarivo","Madagascar"
-17.4519,14.7464,2015,48,0,"Dakar Region","Senegal"
-8.3365,13.1372,2015,12,0,"Faladie","Mali"
-1.09028,10.8847,2015,98,0,"Navrongo Wa Yendi","Ghana"
-0.2,5.55,2015,95,0,"Accra Cape Coast","Ghana"
0.3795,6.3916,2015,231,0,"Begoro Bekwai Hohoe Sunyani Tarkwa","Ghana"
13.2344,-8.83833,2015,28,0,"","Angola"
13.2344,-8.83833,2015,30,0,"","Angola"
13.4165,-12.5905,2015,16,0,"Benguela","Angola"
13.4165,-12.5905,2015,188,0,"Benguela","Angola"
14.2343,-6.2649,2015,38,0,"Zaire","Angola"
14.2343,-6.2649,2015,199,0,"Zaire","Angola"
15.2833,-4.26667,2015,25,0,"Brazzaville","Congo"
15.3139,-4.33167,2015,19,0,"Kinshasa","Democratic Republic of the Congo"
20.4761,-9.74041,2015,82,0,"Lunda Sul","Angola"
34.0147,0.77578,2015,20,0,"Nagongera","Uganda"
34.35,11.7667,2015,28,0,"Damazin","Sudan"
34.35,11.7667,2015,78,0,"Damazin","Sudan"
34.7409,-19.6115,2015,88,0,"Dondo","Mozambique"
-17.366,14.7645,2016,81,0,"","Senegal"
-13.5784,9.64119,2016,17,0,"","Guinea"
-12.1758,12.553,2016,27,0,"Kédougou","Senegal"
-9.58389,15.2247,2016,109,0,"Nioro-du-Sahel","Mali"
-8.3365,13.1372,2016,37,0,"Faladie","Mali"
-8.33048,12.1151,2016,89,0,"Kenieroba","Mali"
-8.20697,12.1509,2016,166,0,"Dangassa","Mali"
-6.91667,10.7833,2016,41,0,"Bougoula-Hameau","Mali"
-5.38333,-5.38333,2016,100,0,"Tanga","Tanzania"
-0.2,5.55,2016,103,0,"Accra","Ghana"
3.38457,6.51941,2016,26,0,"Lagos","Nigeria"
3.38457,6.51941,2016,65,0,"Lagos","Nigeria"
7.48333,9.06667,2016,46,0,"","Nigeria"
9.76464,4.05885,2016,120,0,"Douala","Cameroon"
11.5167,3.86667,2016,15,0,"","Cameroon"
11.5167,3.86667,2016,50,0,"Yaoundé","Cameroon"
13.2344,-8.83833,2016,18,0,"","Angola"
13.2344,-8.83833,2016,40,0,"","Angola"
15.3139,-4.33167,2016,34,0,"","Democratic Republic of the Congo"
15.3139,-4.33167,2016,99,0,"Kinshasa","Democratic Republic of the Congo"
16.7001,8.46722,2016,169,0,"Komé","Chad"
16.7001,8.46722,2016,180,0,"Komé","Chad"
29.662,-4.88376,2016,101,0,"Kigoma","Tanzania"
32.6365,-25.0247,2016,99,0,"Magude District","Mozambique"
33.2042,0.424444,2016,34,0,"Jinja","Uganda"
37.6591,6.8278,2016,96,0,"Morogoro","Tanzania"
38.8205,-7.3238,2016,79,0,"Pwani","Tanzania"
38.8205,16.2584,2016,50,0,"Semenawi Keyih Bahri","Eritrea"
-16.9335,14.7905,2017,38,0,"","Senegal"
-13.5784,9.64119,2017,13,0,"","Guinea"
-0.2,5.55,2017,11,0,"","Ghana"
11.5167,3.86667,2017,14,0,"","Cameroon"
13.2344,-8.83833,2017,18,0,"","Angola"
14.7667,14.7667,2017,38,0,"Thiès","Senegal"
30.3801,-5.09539,2017,67,0,"Uvinza","Tanzania"
34.3833,-0.183333,2017,110,0,"Asembo","Kenya"
37.3392,-11.0468,2017,65,0,"Tunduru","Tanzania"
38.3403,-4.84273,2017,31,0,"Nyasa","Tanzania"
38.4999,-11.1335,2017,16,0,"Nynyumbu","Tanzania"
38.9929,-6.78132,2017,112,0,"Kibaha District","Tanzania"
39.6227,-10.7528,2017,13,0,"Mtwara","Tanzania"
-13.5784,9.64119,2018,19,0,"","Guinea"
-11.7383,7.96472,2018,95,0,"Bo","Sierra Leone"
-11.1363,6.81647,2018,90,0,"Sinje","Liberia"
-5.38333,-5.38333,2018,97,0,"Tanga","Tanzania"
-0.09,5.6256,2018,41,0,"Shai-Osudoku","Ghana"
8.74812,3.61983,2018,85,0,"Bioko Island","Equatorial Guinea"
11.5167,3.86667,2018,11,0,"","Cameroon"
11.5167,3.86667,2018,114,0,"Yaoundé","Cameroon"
29.662,-4.88376,2018,96,0,"Kigoma","Tanzania"
30.9614,3.41397,2018,28,0,"Koboko","Uganda"
32.5833,-25.9667,2018,91,0,"Maputo","Mozambique"
32.8011,2.42861,2018,31,0,"Kole","Uganda"
32.8333,1.63333,2018,16,0,"Amolatar","Uganda"
33.7238,-16.1171,2018,12,0,"Moatize","Mozambique"
33.9602,1.91601,2018,42,0,"Katakwi","Uganda"
34.1811,0.692778,2018,35,0,"Tororo","Uganda"
34.2422,-0.0617328,2018,98,0,"Siaya district","Kenya"
34.5587,0.56946,2018,37,0,"Bungoma","Kenya"
35.3714,-23.3216,2018,39,0,"Massinga","Mozambique"
35.711,-17.9789,2018,38,0,"Mopeia","Mozambique"
37.6591,6.8278,2018,87,0,"Morogoro","Tanzania"
38.7912,9.0028,2018,24,0,"Oromia","Ethiopia"
38.8205,-7.3238,2018,79,0,"Pwani","Tanzania"
38.9981,-13.134,2018,20,0,"Montepuez","Mozambique"
39.3933,-6.10809,2018,414,0,"Zanzibar","Tanzania"
46.6843,-16.1008,2018,31,0,"Ankazomborona","Madagascar"
47.5541,-23.5251,2018,50,0,"Matanga","Madagascar"
1.2667,10.6167,2019,53,0,"Tanguiéta","Benin"
15.3139,-4.33167,2019,104,0,"Kinshasa","Democratic Republic of the Congo"
15.4107,-4.40679,2019,80,0,"Kingasani","Democratic Republic of the Congo"
18.2229,0.002214,2019,60,0,"Bolenge","Democratic Republic of the Congo"
18.4202,-4.42545,2019,86,0,"Vanga","Democratic Republic of the Congo"
20.2963,3.32167,2019,83,0,"Karawa","Democratic Republic of the Congo"
25.0033,-8.73439,2019,81,0,"Kamina","Democratic Republic of the Congo"
25.1875,0.512155,2019,95,0,"Kisangani","Democratic Republic of the Congo"
25.2202,0.515363,2019,17,0,"Kabondo","Democratic Republic of the Congo"
26.325,-10.6152,2019,58,0,"Fungurume","Democratic Republic of the Congo"
26.6185,-2.56638,2019,81,0,"Kalima","Democratic Republic of the Congo"
27.4775,-11.6689,2019,82,0,"Lubumbashi","Democratic Republic of the Congo"
28.3959,4.566,2019,86,0,"Yambio","South Sudan"
28.8314,-2.22502,2019,86,0,"Katana","Democratic Republic of the Congo"
29.9856,-1.24196,2019,13,0,"Kabale","Uganda"
30.0867,0.172391,2019,69,0,"Kasese","Uganda"
31.395,0.5575,2019,27,0,"Mubende","Uganda"
32.8011,2.42861,2019,65,0,"Kole","Uganda"
32.8225,-5.03225,2019,96,0,"Tabora","Tanzania"
32.9,-2.5,2019,79,0,"Mwanza","Tanzania"
33.3306,2.98472,2019,56,0,"Agago","Uganda"
33.45,-8.9,2019,90,0,"Mbeya","Tanzania"
33.9602,1.91601,2019,65,0,"Katakwi","Uganda"
34.1811,0.692778,2019,38,0,"Tororo","Uganda"
39.6227,-10.7528,2019,88,0,"Mtwara","Tanzania"
-5.38333,-5.38333,2020,100,0,"Tanga","Tanzania"
10.0588,5.4539,2020,100,0,"Dschang","Cameroon"
29.662,-4.88376,2020,70,0,"Kigoma","Tanzania"
30.0867,0.172391,2020,93,0,"Kasese","Uganda"
32.8,3.53333,2020,85,0,"Lamwo","Uganda"
33.3306,2.98472,2020,80,0,"Agago","Uganda"
34.1811,0.692778,2020,105,0,"Tororo","Uganda"
38.8205,-7.3238,2020,83,0,"Pwani","Tanzania"
-12.1833,12.55,2021,13,0,"Dalaba","Senegal"
-12.1782,12.5659,2021,39,0,"Kedougou Region","Senegal"
32.5833,-25.9667,2021,100,0,"Maputo","Mozambique"
32.8225,-5.03225,2021,107,0,"Tabora","Tanzania"
32.8756,-18.9344,2021,98,0,"Manica","Mozambique"
32.9,-2.5,2021,96,0,"Mwanza","Tanzania"
33.45,-8.9,2021,43,0,"Mbeya","Tanzania"
37.505,-13.191,2021,100,0,"Marrupa","Mozambique"
39.6227,-10.7528,2021,87,0,"Mtwara","Tanzania"
-17.4519,14.6867,2022,27,0,"Camp-Militaire","Senegal"
-12.1833,12.55,2022,11,0,"Dalaba","Senegal"
-4.29177,11.1781,2022,167,0,"Bobo Dioulasso","Burkina Faso"
1.19777,7.75615,2022,165,0,"Anie","Togo"
1.4193,6.65634,2022,192,0,"Kouve","Togo"
29.7426,-4.7232,2022,88,0,"Kigoma","Tanzania"
30.0867,0.172391,2022,93,0,"Kasese","Uganda"
30.91,3.03,2022,79,0,"Arua","Uganda"
34.1532,2.83087,2022,746,0,"Karamoja","Uganda"
36.8219,-1.29207,2022,571,0,"","Kenya"
36.9541,-8.8137,2022,88,0,"Morogoro","Tanzania"
38.8205,-7.3238,2022,88,0,"Pwani","Tanzania"
39.1023,-5.0889,2022,88,0,"Tanga","Tanzania"
-17.4519,14.6867,2023,20,0,"Ndiormi","Senegal"
-17.4519,14.6867,2023,30,0,"Dalaba","Senegal"
-12.1782,12.5659,2023,51,0,"Kedougou Region","Senegal"
34.1811,0.692778,2023,166,0,"Tororo","Uganda"
