"id","type","marker_group_id","K13_id","is_validated"
"1","dhfr 108N","null","null","null"
"2","dhfr 108T","null","null","null"
"3","dhfr 164L","null","null","null"
"4","dhfr 16V","null","null","null"
"5","dhfr 50R","null","null","null"
"6","dhfr 51I","null","null","null"
"7","dhfr 59R","null","null","null"
"8","dhfr Bolivia Repeat","null","null","null"
"9","dhps 436A","null","null","null"
"10","dhps 437G","null","null","null"
"11","dhps 540E","null","null","null"
"12","dhps 581G","null","null","null"
"13","dhps 613S","null","null","null"
"14","dhps 613S/T","null","null","null"
"15","dhps 613T","null","null","null"
"16","pfcrt 144A/F","null","null","null"
"17","pfcrt 144F","null","null","null"
"18","pfcrt 144T","null","null","null"
"19","pfcrt 144Y","null","null","null"
"20","pfcrt 148I","null","null","null"
"21","pfcrt 148L","null","null","null"
"22","pfcrt 148L/I","null","null","null"
"23","pfcrt 152A","null","null","null"
"24","pfcrt 152T","null","null","null"
"25","pfcrt 160S","null","null","null"
"26","pfcrt 160Y","null","null","null"
"27","pfcrt 163R","null","null","null"
"28","pfcrt 163S","null","null","null"
"29","pfcrt 194I/T","null","null","null"
"30","pfcrt 194T","null","null","null"
"31","pfcrt 218I","null","null","null"
"32","pfcrt 219S","null","null","null"
"33","pfcrt 220A","null","null","null"
"34","pfcrt 220A/S","null","null","null"
"35","pfcrt 220S","null","null","null"
"36","pfcrt 271E","null","null","null"
"37","pfcrt 271Q/E","null","null","null"
"38","pfcrt 326D","null","null","null"
"39","pfcrt 326N/D","null","null","null"
"40","pfcrt 326N/S","null","null","null"
"41","pfcrt 326S","null","null","null"
"42","pfcrt 333S","null","null","null"
"43","pfcrt 333T/S","null","null","null"
"44","pfcrt 350R","null","null","null"
"45","pfcrt 352Q","null","null","null"
"46","pfcrt 356I/L","null","null","null"
"47","pfcrt 356I/T","null","null","null"
"48","pfcrt 356L","null","null","null"
"49","pfcrt 356T","null","null","null"
"50","pfcrt 371I","null","null","null"
"51","pfcrt 371R","null","null","null"
"52","pfcrt 371R/I","null","null","null"
"53","pfcrt 371T","null","null","null"
"54","pfcrt 72C","null","null","null"
"55","pfcrt 72S","null","null","null"
"56","pfcrt 74I","null","null","null"
"57","pfcrt 74M/I","null","null","null"
"58","pfcrt 75D","null","null","null"
"59","pfcrt 75E","null","null","null"
"60","pfcrt 75N","null","null","null"
"61","pfcrt 75N/E","null","null","null"
"62","pfcrt 76K/T","null","null","null"
"63","pfcrt 76N","null","null","null"
"65","pfcrt 76T","null","null","null"
"66","pfcrt 77I","null","null","null"
"67","pfcrt 97H","null","null","null"
"68","pfcrt 97L","null","null","null"
"69","pfcrt 97Q","null","null","null"
"70","pfcrt CIDT","4","null","null"
"71","pfcrt CIEK","3","null","null"
"72","pfcrt CIET","4","null","null"
"73","pfcrt CIET/CIDT","null","null","null"
"74","pfcrt CIET/SMNT","null","null","null"
"75","pfcrt CINT","4","null","null"
"76","pfcrt CMDK","3","null","null"
"77","pfcrt CMDT","4","null","null"
"78","pfcrt CMEK","null","null","null"
"79","pfcrt CMET","4","null","null"
"80","pfcrt CMNK","3","null","null"
"81","pfcrt CMNK/CIET","null","null","null"
"82","pfcrt CMNK/RMNK","null","null","null"
"83","pfcrt CMNK/SMNT","null","null","null"
"84","pfcrt CMNN","null","null","null"
"85","pfcrt CMNN","null","null","null"
"86","pfcrt CMNT","4","null","null"
"87","pfcrt CMNT/SMNT","null","null","null"
"88","pfcrt CTNT","4","null","null"
"89","pfcrt K76","null","null","null"
"90","pfcrt RMNT","null","null","null"
"91","pfcrt SIDT","null","null","null"
"92","pfcrt SIEK","null","null","null"
"93","pfcrt SIET","null","null","null"
"94","pfcrt SMDT","null","null","null"
"95","pfcrt SMET","6","null","null"
"96","pfcrt SMIT","6","null","null"
"97","pfcrt SMNK","null","null","null"
"98","pfcrt SMNK/CIDT","null","null","null"
"99","pfcrt SMNT","6","null","null"
"100","pfcrt SMNT/SMDT","null","null","null"
"101","pfmdr1 1034C","null","null","null"
"102","pfmdr1 1034S/C","null","null","null"
"103","pfmdr1 1042D","null","null","null"
"104","pfmdr1 1042N/D","null","null","null"
"105","pfmdr1 1109I","null","null","null"
"106","pfmdr1 1109V/I","null","null","null"
"107","pfmdr1 1226F/Y","null","null","null"
"108","pfmdr1 1226Y","null","null","null"
"109","pfmdr1 1246D/Y","null","null","null"
"110","pfmdr1 1246N","null","null","null"
"111","pfmdr1 1246Y","null","null","null"
"112","pfmdr1 130E/K","null","null","null"
"113","pfmdr1 130K","null","null","null"
"114","pfmdr1 142D","null","null","null"
"115","pfmdr1 142G","null","null","null"
"116","pfmdr1 184F","null","null","null"
"117","pfmdr1 184Y/F","null","null","null"
"118","pfmdr1 327H","null","null","null"
"119","pfmdr1 587E","null","null","null"
"120","pfmdr1 750A/T","null","null","null"
"121","pfmdr1 750T","null","null","null"
"122","pfmdr1 784L","null","null","null"
"123","pfmdr1 86F","null","null","null"
"124","pfmdr1 86N/Y","null","null","null"
"125","pfmdr1 86Y","null","null","null"
"126","pfmdr1 CNV1","null","null","null"
"127","pfmdr1 copy number = 2","5","null","null"
"128","pfmdr1 copy number = 3","5","null","null"
"129","pfmdr1 copy number = 4","5","null","null"
"130","pfmdr1 copy number = 4 or higher","5","null","null"
"131","pfmdr1 copy number = 5 or higher","5","null","null"
"132","pfmdr1 copy number >1","5","null","null"
"133","pfmdr1 copy number 3 and higher","null","null","null"
"134","pfmdr1 D1246","null","null","null"
"135","pfmdr1 FYD","null","null","null"
"136","pfmdr1 FYSND","null","null","null"
"137","pfmdr1 N/YFSND","null","null","null"
"138","pfmdr1 N/YY/FSND","null","null","null"
"139","pfmdr1 N/YYSND","null","null","null"
"140","pfmdr1 N1042","null","null","null"
"141","pfmdr1 N86","null","null","null"
"142","pfmdr1 NDCDD","null","null","null"
"143","pfmdr1 NDSDD","null","null","null"
"144","pfmdr1 NFCDD","2","null","null"
"145","pfmdr1 NFCDY","null","null","null"
"146","pfmdr1 NFD","null","null","null"
"147","pfmdr1 NFSDD","null","null","null"
"148","pfmdr1 NFSDD","null","null","null"
"149","pfmdr1 NFSDY","null","null","null"
"150","pfmdr1 NFSND","2","null","null"
"151","pfmdr1 NFSNY","null","null","null"
"152","pfmdr1 NFY","null","null","null"
"153","pfmdr1 NGSDD","null","null","null"
"154","pfmdr1 NY/FSND","null","null","null"
"155","pfmdr1 NYD","null","null","null"
"156","pfmdr1 NYSND","null","null","null"
"157","pfmdr1 NYSND","null","null","null"
"158","pfmdr1 NYSNY","null","null","null"
"159","pfmdr1 NYY","null","null","null"
"160","pfmdr1 S1034","null","null","null"
"161","pfmdr1 Y184","null","null","null"
"162","pfmdr1 YFCDD","null","null","null"
"163","pfmdr1 YFD","null","null","null"
"164","pfmdr1 YFSDD","null","null","null"
"165","pfmdr1 YFSND","null","null","null"
"166","pfmdr1 YFY","null","null","null"
"167","pfmdr1 YY/FSND","null","null","null"
"168","pfmdr1 YYD","null","null","null"
"169","pfmdr1 YYSDD","null","null","null"
"170","pfmdr1 YYSND","null","null","null"
"171","pfmdr1 YYSNY","1","null","null"
"172","pfmdr1 YYY","null","null","null"
"173","dhfr CIRNI","7","null","null"
"174","dhfr 50C/R","null","null","null"
"175","dhfr 51N/I","null","null","null"
"176","dhfr 59C/R","null","null","null"
"177","dhfr 108S/N","null","null","null"
"178","dhfr 108S/T","null","null","null"
"179","dhfr 164I/L","null","null","null"
"180","dhps 437A/G","null","null","null"
"181","dhps 540K/E","null","null","null"
"182","dhps 581A/G","null","null","null"
"183","dhps 613A/S","null","null","null"
"184","dhps 613A/T","null","null","null"
"185","dhfr 51I-59R-108N","null","null","null"
"186","dhfr 51I-C59-108N","null","null","null"
"187","dhfr N51-59R-108N","null","null","null"
"188","dhps 437G-540E-581G","null","null","null"
"189","dhps 437G-540E-A581","9","null","null"
"190","dhps 437G-540E","9","null","null"
"191","dhfr+dhps 51I-59R-108N-437G-540E","8","null","null"
"192","dhfr+dhps 51I-59R-108N-437G-540E-581G","null","null","null"
"193","dhfr+dhps 51I-59R-108N-437G-540E-A581","8","null","null"
"194","pfpm2 copy number=1","null","null","null"
"195","pfpm2 copy number >1","10","null","null"
"196","pfmdr1 NFCND","2","null","null"
"197","pfmdr1 YFCND","null","null","null"
"198","pfmdr1 NYSDD","null","null","null"
"199","pfmdr1 YFSNY","null","null","null"
"200","dhps 540E/N","null","null","null"
"201","dhps 540K","null","null","null"
"202","dhfr 108S","null","null","null"
"203","I431V","null","null","null"
"204","pfcrt 93S","null","null","null"
"205","pfcrt F145I","null","null","null"
"206","pfcrt I218F","null","null","null"
"207","pfcrt 343I","null","null","null"
"208","pfcrt 353V","null","null","null"
"209","pfcrt 97Y","null","null","null"
"210","k13 wildtype","null","1","0"
"211","k13 E252Q","null","2","1"
"212","k13 P441L","null","3","1"
"213","k13 M442V","null","4","0"
"214","k13 P443S","null","5","0"
"215","k13 F446I","null","6","1"
"216","k13 G449A/D","null","7","1"
"217","k13 D452E","null","8","0"
"218","k13 N458Y","null","9","1"
"219","k13 C469Y/F","null","10","0"
"220","k13 W470X","null","11","0"
"221","k13 T474I","null","13","0"
"222","k13 M476I","null","14","1"
"223","k13 K479I","null","16","0"
"224","k13 A481V","null","17","1"
"225","k13 F483S","null","18","0"
"226","k13 S485N","null","19","0"
"227","k13 L492S","null","20","0"
"228","k13 Y493H","null","21","1"
"229","k13 V494I","null","22","0"
"230","k13 F495L","null","23","0"
"231","k13 T508N","null","25","0"
"232","k13 Y511H","null","26","0"
"233","k13 R515K","null","28","1"
"234","k13 D516Y","null","29","0"
"235","k13 V520A","null","30","0"
"236","k13 S522C","null","31","0"
"237","k13 N525D","null","32","0"
"238","k13 P527H/L","null","33","1"
"239","k13 R528G/T","null","34","0"
"240","k13 N531I","null","35","0"
"241","k13 G532A","null","36","0"
"242","k13 G533S","null","37","0"
"243","k13 N537I","null","38","1"
"244","k13 G538V","null","39","1"
"245","k13 R539T","null","40","1"
"246","k13 C542Y","null","41","0"
"247","k13 I543T","null","42","1"
"248","k13 G544R","null","43","0"
"249","k13 G545E","null","44","0"
"250","k13 S549Y","null","45","0"
"251","k13 S552C","null","46","0"
"252","k13 P553L","null","47","1"
"253","k13 N554S","null","48","0"
"254","k13 E556D","null","49","0"
"255","k13 A557S","null","50","0"
"256","k13 Y558H","null","51","0"
"257","k13 R561H/C","null","52","1"
"258","k13 A564V","null","53","0"
"259","k13 V566I","null","54","0"
"260","k13 V568G","null","55","1"
"261","k13 A569T/S","null","56","0"
"262","k13 P574L","null","57","1"
"263","k13 R575K/L","null","58","0"
"264","k13 S576L","null","59","0"
"265","k13 A578S","null","60","2"
"266","k13 C580Y","null","61","1"
"267","k13 D584V","null","62","0"
"268","k13 L589I","null","63","0"
"269","k13 E612D","null","64","0"
"270","k13 Q613E","null","65","0"
"271","k13 F614L","null","66","0"
"272","k13 A617T","null","67","0"
"273","k13 L619S","null","68","0"
"274","k13 S621F","null","69","0"
"275","k13 R622I","null","70","0"
"276","k13 S623C","null","71","0"
"277","k13 Y630F","null","72","0"
"278","k13 V637D","null","73","0"
"279","k13 G638R","null","74","0"
"280","k13 G639D","null","75","0"
"281","k13 P667Q/R/T","null","76","1"
"282","k13 A675V","null","77","1"
"283","k13 A676D","null","78","0"
"284","k13 P701R","null","79","0"
"285","k13 H719N","null","80","0"
"286","k13 N725Y","null","81","0"
"287","k13 N554H","null","83","0"
"288","k13 Q613H","null","84","0"
"289","k13 V637I","null","85","0"
"290","k13 C580C/Y","null","86","1"
"291","k13 R539R/T","null","87","1"
"292","k13 D584E","null","88","0"
"293","k13 D464H","null","89","0"
"294","k13 D464Y","null","90","0"
"295","k13 L488S","null","91","0"
"296","k13 I526M","null","92","0"
"297","k13 S477Y","null","94","0"
"298","k13 A504T","null","95","0"
"299","k13 Y493C","null","96","0"
"300","k13 S700L","null","97","0"
"301","k13 D281V","null","98","0"
"302","k13 G449A","null","99","1"
"303","k13 G533A","null","100","0"
"304","k13 K438N","null","101","0"
"305","k13 P527H","null","102","1"
"306","k13 P667T","null","103","1"
"307","k13 P667Q","null","104","0"
"308","k13 R239Q","null","105","0"
"309","k13 R528G","null","106","0"
"310","k13 R561H","null","107","1"
"311","k13 F442L","null","108","0"
"312","k13 I448L","null","109","0"
"313","k13 V454A","null","110","0"
"314","k13 S459L","null","111","0"
"315","k13 Q468R","null","112","0"
"316","k13 C469F","null","113","0"
"317","k13 C469Y","null","114","0"
"318","k13 W470STOP","null","115","0"
"319","k13 M472I","null","116","0"
"320","k13 C473Y","null","117","0"
"321","k13 K480R","null","118","0"
"322","k13 Y482S","null","119","0"
"323","k13 G484R","null","120","0"
"324","k13 A486V","null","121","0"
"325","k13 L488M","null","122","0"
"326","k13 N489S","null","123","0"
"327","k13 N490H","null","124","0"
"328","k13 F491S","null","125","0"
"329","k13 V494L","null","126","0"
"330","k13 G497V","null","127","0"
"331","k13 N499S","null","128","0"
"332","k13 Y500C","null","129","0"
"333","k13 K503N","null","130","0"
"334","k13 L505S","null","131","0"
"335","k13 V510M","null","132","0"
"336","k13 D512N","null","133","0"
"337","k13 Y519C","null","134","0"
"338","k13 V520I","null","135","0"
"339","k13 N531Y","null","136","0"
"340","k13 C532S","null","137","0"
"341","k13 V534A","null","138","0"
"342","k13 T535M","null","139","0"
"343","k13 N537D","null","140","0"
"344","k13 C542G","null","141","0"
"345","k13 G548D","null","142","0"
"346","k13 G548S","null","143","0"
"347","k13 I552M","null","144","0"
"348","k13 N554K","null","145","0"
"349","k13 V555A","null","146","0"
"350","k13 Y558C","null","147","0"
"351","k13 D559N","null","148","0"
"352","k13 H560L","null","149","0"
"353","k13 W565STOP","null","150","0"
"354","k13 E567K","null","151","0"
"355","k13 A569G","null","152","0"
"356","k13 A569S","null","153","0"
"357","k13 A569T","null","154","0"
"358","k13 P570L","null","155","0"
"359","k13 T573A","null","156","0"
"360","k13 S577P","null","157","0"
"361","k13 F583L","null","158","0"
"362","k13 F583S","null","159","0"
"363","k13 F583Y","null","160","0"
"364","k13 G591D","null","161","0"
"365","k13 G592R","null","162","0"
"366","k13 E596G","null","163","0"
"367","k13 E596K","null","164","0"
"368","k13 I601T","null","165","0"
"369","k13 E605K","null","166","0"
"370","k13 E606G","null","167","0"
"371","k13 M608K","null","168","0"
"372","k13 E612G","null","169","0"
"373","k13 P615S","null","170","0"
"374","k13 G625R","null","171","0"
"375","k13 Q633R","null","172","0"
"376","k13 Q633STOP","null","173","0"
"377","k13 Y635C","null","174","0"
"378","k13 G639S","null","175","0"
"379","k13 I640V","null","176","0"
"380","k13 D641G","null","177","0"
"381","k13 E643K","null","178","0"
"382","k13 I646L","null","179","0"
"383","k13 N664S","null","180","0"
"384","k13 G665S","null","181","0"
"385","k13 R575K","null","182","0"
"386","k13 N490T","null","183","0"
"387","k13 S522R","null","185","0"
"388","k13 G533C","null","186","0"
"389","k13 M579T","null","187","0"
"390","k13 D464N","null","188","0"
"391","k13 S466I","null","189","0"
"392","k13 Q467H","null","190","0"
"393","k13 S549P","null","191","0"
"394","k13 F628L","null","192","0"
"395","k13 R539V","null","193","0"
"396","k13 N572D","null","194","0"
"397","k13 E602G","null","195","0"
"398","k13 E620G","null","196","0"
"399","k13 A626S","null","197","0"
"400","k13 D648H","null","198","0"
"401","k13 M476K","null","199","0"
"402","k13 E509D","null","200","0"
"403","k13 N523T","null","201","0"
"404","k13 G595S","null","202","0"
"405","k13 G449S","null","203","0"
"406","k13 V454I","null","204","0"
"407","k13 L463S","null","205","0"
"408","k13 T478P","null","206","0"
"409","k13 V487I","null","207","0"
"410","k13 N499D","null","208","0"
"411","k13 D501G","null","209","0"
"412","k13 V534I","null","210","0"
"413","k13 V534L","null","211","0"
"414","k13 N554D","null","212","0"
"415","k13 R575G","null","213","0"
"416","k13 V581F","null","214","0"
"417","k13 D584N","null","215","0"
"418","k13 V589I","null","216","0"
"419","k13 M608L","null","217","0"
"420","k13 A626P","null","218","0"
"421","k13 A626T","null","219","0"
"422","k13 N629Y","null","220","0"
"423","k13 G639V","null","221","0"
"424","k13 V666A","null","222","0"
"425","k13 A676S","null","223","0"
"426","k13 D680N","null","224","0"
"427","k13 Y604H","null","225","0"
"428","k13 E605G","null","226","0"
"429","k13 N609S","null","227","0"
"430","k13 N632D","null","228","0"
"431","k13 N554L","null","229","0"
"432","k13 A529T","null","230","0"
"433","k13 R411K","null","231","0"
"434","k13 R254L","null","232","0"
"435","k13 E294G","null","233","0"
"436","k13 R255K","null","234","0"
"437","k13 I352T","null","235","0"
"438","k13 G639C","null","236","0"
"439","k13 A481T","null","237","0"
"440","k13 N531D","null","238","0"
"441","k13 F495S","null","239","0"
"442","k13 N689K","null","240","0"
"443","k13 F483Y","null","241","0"
"444","k13 S549F","null","242","0"
"445","k13 P443R","null","243","0"
"446","k13 F434Y","null","244","0"
"447","k13 T437N","null","245","0"
"448","k13 D462N","null","246","0"
"449","k13 I634T","null","247","0"
"450","k13 L619E","null","248","0"
"451","k13 A621S","null","249","0"
"452","k13 L457S","null","250","0"
"453","k13 L488V","null","251","0"
"454","k13 I683R","null","252","0"
"455","k13 E556G","null","253","0"
"456","k13 I250T","null","254","0"
"457","k13 M476V","null","255","0"
"458","k13 F673I","null","256","0"
"459","k13 F656I","null","257","0"
"460","k13 M579I","null","258","0"
"461","k13 N664D","null","259","0"
"462","k13 E556K","null","260","0"
"463","k13 F662C","null","261","0"
"464","k13 N629S","null","262","0"
"465","k13 D648N","null","263","0"
"466","k13 D648Y","null","264","0"
"467","k13 K610R","null","265","0"
"468","k13 A578T","null","266","0"
"469","k13 K658Q","null","267","0"
"470","k13 L663V","null","268","0"
"471","k13 N657H","null","269","0"
"472","k13 M472V","null","270","0"
"473","k13 K563E","null","271","0"
"474","k13 K189T","null","272","0"
"475","k13 Y588C","null","273","0"
"476","k13 S522M","null","274","0"
"477","k13 E602D","null","275","0"
"478","k13 R471S","null","276","0"
"479","k13 E433D","null","277","0"
"480","k13 I416V","null","278","0"
"481","k13 A578L","null","279","0"
"482","k13 M562I","null","280","0"
"483","k13 C580F","null","281","0"
"484","k13 P553S","null","282","0"
"485","k13 K189N","null","283","0"
"486","k13 L258M","null","284","0"
"487","k13 N197D","null","285","0"
"488","k13 K189T","null","286","0"
"489","k13 wildtype","null","287","1"
"490","k13 N672S","null","288","0"
"491","k13 N29L","null","289","0"
"492","k13 C542W","null","290","0"
"493","k13 N599Y","null","291","0"
"494","k13 S466N","null","292","0"
"495","k13 R515I","null","293","0"
"496","k13 R539I","null","294","0"
"497","k13 E606D","null","295","0"
"498","k13 K607E","null","296","0"
"499","k13 A627S","null","297","0"
"500","k13 V637G","null","298","0"
"501","k13 V636A/V","null","299","0"
"502","k13 W660C","null","300","0"
"503","k13 A578V","null","301","0"
"504","k13 V603E","null","302","0"
"505","k13 E612K","null","303","0"
"506","k13 G449D","null","304","0"
"507","k13 R561C","null","305","0"
"508","k13 V637A","null","306","0"
"509","k13 S485K","null","307","0"
"510","k13 N498I","null","308","0"
"511","k13 A504G","null","309","0"
"512","k13 L505F","null","310","0"
"513","k13 E509G","null","311","0"
"514","k13 W518C","null","312","0"
"515","k13 R529K","null","313","0"
"516","k13 N530K","null","314","0"
"517","k13 N530Y","null","315","0"
"518","k13 D584Y","null","316","0"
"519","k13 N587K","null","317","0"
"520","k13 G592E","null","318","0"
"521","k13 E596R","null","319","0"
"522","k13 A676V","null","320","0"
"523","k13 T677K","null","321","0"
"524","k13 T677R","null","322","0"
"525","k13 T677S","null","323","0"
"526","k13 L678V","null","324","0"
"527","k13 N585K","null","325","0"
"528","k13 N609L","null","326","0"
"529","k13 Y616N","null","327","0"
"530","k13 E620K","null","328","0"
"531","k13 R622G","null","329","0"
"532","k13 N530I","null","330","0"
"533","k13 S536L","null","331","0"
"534","k13 R539K","null","332","0"
"535","k13 L598F","null","333","0"
"536","k13 T677A","null","334","0"
"537","k13 G496S","null","335","0"
"538","k13 M562T","null","336","0"
"539","k13 N408S","null","337","0"
"540","k13 K610E","null","338","0"
"541","k13 P615N","null","339","0"
"542","k13 N594K","null","340","0"
"543","k13 L618S","null","341","0"
"544","k13 V581I","null","342","0"
"545","k13 L457I","null","343","0"
"546","k13 W565R","null","344","0"
"547","k13 W611S","null","345","0"
"548","k13 V692L","null","346","0"
"549","k13 Q661R","null","347","0"
"550","k13 I540T","null","348","0"
"551","k13 L713F","null","349","0"
"552","k13 L428F","null","350","0"
"553","k13 P441A","null","351","0"
"554","k13 T348I","null","352","0"
"555","k13 P443P","null","353","0"
"556","k13 N458D","null","354","0"
"557","k13 A481C","null","355","0"
"558","k13 T535A","null","356","0"
"559","k13 Y616S","null","357","0"
"560","k13 L618V","null","358","0"
"561","k13 A621G","null","359","0"
"562","k13 L663I","null","360","0"
"563","k13 N672I","null","361","0"
"564","k13 E455G","null","362","0"
"565","k13 T474A","null","363","0"
"566","k13 C542R","null","364","0"
"567","k13 N523S","null","365","0"
"568","k13 T593A","null","366","0"
"569","k13 E461G","null","367","0"
"570","k13 V517I","null","368","0"
"571","k13 S477S","null","369","0"
"572","k13 G548G","null","370","0"
"573","k13 D641N","null","371","0"
"574","k13 G690G","null","372","0"
"575","k13 E642D","null","373","0"
"576","k13 F506L","null","374","0"
"577","k13 D516E","null","375","0"
"578","k13 E507V","null","376","0"
"579","k13 G538S","null","377","0"
"580","k13 P419S","null","378","0"
"581","k13 R265P","null","379","0"
"582","k13 G538D","null","380","0"
"583","k13 W611C","null","381","0"
"584","k13 G718S","null","382","0"
"585","k13 A621V","null","383","0"
"586","k13 N525Y","null","384","0"
"587","k13 V534G","null","385","0"
"588","k13 I465F","null","386","0"
"589","k13 F673Y","null","387","0"
"590","k13 M460K","null","388","0"
"591","k13 S477F","null","389","0"
"592","k13 T677I","null","390","0"
"593","k13 G665C","null","391","0"
"594","k13 Q661E","null","392","0"
"595","k13 P667S","null","393","0"
"596","k13 R471C","null","394","0"
"597","k13 N499K","null","395","0"
"598","k13 K586E","null","396","0"
"599","k13 D547G","null","397","0"
"600","k13 V568M","null","398","0"
"601","k13 S576T","null","399","0"
"602","k13 M472L","null","400","0"
"603","k13 D516A","null","401","0"
"604","k13 Y588N","null","402","0"
"605","k13 E596V","null","403","0"
"606","k13 S600C","null","404","0"
"607","k13 M460I","null","405","0"
"608","k13 R575I","null","406","0"
"609","k13 E651K","null","407","0"
"610","k13 P667R","null","408","1"
"611","k13 R513L","null","409","0"
"612","k13 G592E","null","410","0"
"613","k13 A626E","null","411","0"
"614","k13 G595C","null","412","0"
"615","k13 T685P","null","413","0"
"616","k13 S695T","null","414","0"
"617","k13 L708I","null","415","0"
"618","k13 R645T","null","416","0"
"619","k13 E668K","null","417","0"
"620","k13 V650F","null","418","0"
"621","k13 N694K","null","419","0"
"721","k13 Q468H","null","null","null"
"722","k13 E567E/K","null","null","null"
"723","k13 P527P/L","null","null","null"
"724","k13 G497S","null","null","null"
"725","k13 M476M/I","null","null","null"
"726","k13 G533G/D","null","null","null"
"727","k13 R513R/L","null","null","null"
"728","k13 W660W/R","null","null","null"
"729","k13 A626A/V,C580C/Y","null","null","null"
"730","k13 S600S/P","null","null","null"
"731","k13 E431E/K","null","null","null"
"732","k13 C580C/Y,Y493Y/H","null","null","null"
"733","k13 C580C/Y,A359A/V","null","null","null"
"734","k13 A578A/S","null","null","null"
"735","k13 Y493Y/H","null","null","null"
"736","k13 K658K/R","null","null","null"
"737","k13 D353D/N","null","null","null"
"738","k13 G545G/R","null","null","null"
"739","k13 G453G/S","null","null","null"
"740","k13 C580C/Y,R529R/K","null","null","null"
"741","k13 G496G/D","null","null","null"
"742","k13 D464D/N","null","null","null"
"743","k13 M351M/I","null","null","null"
"744","k13 F662F/Y","null","null","null"
"745","k13 G548G/V","null","null","null"
"746","k13 D399D/N","null","null","null"
"747","k13 R515R/K","null","null","null"
"748","k13 C580C/Y,A432A/S","null","null","null"
"749","k13 C580C/Y,P553P/L","null","null","null"
"750","k13 C580C/Y,C469STOC/P","null","null","null"
"751","k13 C580C/Y,F434F/S","null","null","null"
"752","k13 C580C/Y,P419P/S","null","null","null"
"753","k13 R539T,C580Y","null","null","null"
"754","k13 R513R/H","null","null","null"
"755","k13 Y482Y/H","null","null","null"
"756","k13 D397D/N","null","null","null"
"757","k13 P615P/L","null","null","null"
"758","k13 W518W/STOP,G453G/S","null","null","null"
"759","k13 P553P/L","null","null","null"
"760","k13 S549S/P","null","null","null"
"761","k13 F442F/S","null","null","null"
"762","k13 C580C/Y,L379L/S","null","null","null"
"763","k13 C580C/Y,P574P/L","null","null","null"
"764","k13 C580C/Y,R539R/T","null","null","null"
"765","k13 R383R/K","null","null","null"
"766","k13 H384H/Q","null","null","null"
"767","k13 G639G/D,G638G/E,C580C/Y","null","null","null"
"768","k13 C580C/Y,G358G/D","null","null","null"
"769","k13 S649S/P","null","null","null"
"773","dhfr+dhps 51I-59R-108N-437G","8","null","1"
"775","k13 C532C/S","null","null",""
"776","k13 V534V/L","null","null",""
"777","k13 E606E/D","null","null",""
"778","dhps 431I/V","null","null",""
"779","dhps 436S/A","null","null",""
"780","dhps 431V","null","null",""
"782","pfcrt SVMNT","6","null",""
"784","dhfr A16-N51-59R-108N-I164","12","null",""
"785","pfcrt+pfmdr1 72S-73V-74M-75N-76T-86N-184Y-1246D","14","null",""
"786","pfcrt 74M","null","null",""
"787","pfcrt 356I","null","null",""
"788","pfcrt 73V","null","null",""
"789","pfcrt CVIET","4","null",""
"790","pfcrt CVIETTHFIMCGT","15","null",""
"791","dhfr A16-51I-C59-S108-I164","16","null",""
"792","dhfr A16-51I-C59-108N-I164","16","null",""
"793","dhfr A16-51I-59R-108N-I164","16","null",""
"794","dhps VSAKAA","17","null",""
"795","dhps IAAKAA","17","null",""
"796","dhps ISGKAA","17","null",""
"797","dhps VAAKAA","17","null",""
"798","dhps IAGKAA","17","null",""
"799","dhps VSGKAA","17","null",""
"800","dhps VAGKAA","17","null",""
"801","dhps VAGEAA","17","null",""
"802","dhfr+dhps A16-51I-C59-S108-I164_ I431-S436-A437-K540-A581-A613","18","null",""
"803","dhfr+dhps A16-51I-C59-108N-I164_ I431-S436-A437-K540-A581-A613","18","null",""
"804","dhfr+dhps A16-N51-59R-108N-I164_ I431-S436-A437-K540-A581-A613","18","null",""
"805","dhfr+dhps A16-51I-C59-108N-I164_ I431-436A-A437-K540-A581-A613","18","null",""
"806","dhfr+dhps A16-51I-C59-108N-I164_ 431V-S436-A437-K540-A581-A613","18","null",""
"807","dhfr+dhps A16-51I-59R-108N-I164_ I431-S436-A437-K540-A581-A613","18","null",""
"808","dhfr+dhps A16-N51-59R-108N-I164_ I431-S436-437G-K540-A581-A613","18","null",""
"809","dhfr+dhps A16-51I-59R-108N-I164_ 431V-S436-A437-K540-A581-A613","18","null",""
"810","dhfr+dhps A16-51I-59R-108N-I164_ I431-436A-A437-K540-A581-A613","18","null",""
"811","dhfr+dhps A16-51I-C59-108N-I164_ 431V-436A-A437-K540-A581-A613","18","null",""
"812","dhfr+dhps A16-N51-59R-108N-I164_ 431V-436A-A437-K540-A581-A613","18","null",""
"813","dhfr+dhps A16-51I-59R-108N-I164_ 431V-436A-A437-K540-A581-A613","18","null",""
"814","dhfr+dhps A16-51I-59R-108N-I164_ I431-436A-437G-K540-A581-A613","18","null",""
"815","dhfr+dhps A16-51I-59R-108N-I164_ 431V-436A-437G-K540-A581-A613","18","null",""
"816","dhfr+dhps A16-51I-59R-108N-I164_ 431V-436A-437G-540E-A581-A613","18","null",""
"817","pfcrt CVMNKTHFIMCGT","15","null",""
"818","pfcrt SVMNTTHFIMCGI","15","null",""
"819","pfcrt CVIETTHFIMCGI","15","null",""
"820","pfcrt  CVMNKTHFIMCGI","15","null",""
"821","pfcrt T93","null","null",""
"822","pfcrt F145","null","null",""
"823","pfcrt 343M","null","null",""
"824","pfcrt C350","null","null",""
"825","pfcrt G353","null","null",""
"826","dhfr ACNRSI","19","null",""
"827","dhfr ACIRSI","19","null",""
"828","dhfr ACNRNI","19","null",""
"829","dhfr ACIRNI","19","null",""
"830","dhps A437","null","null",""
"831","dhps ISAKAA","17","null",""
"832","dhps ISGKAS","17","null",""
"833","dhps ISGKGA","17","null",""
"834","dhps ISGEAA","17","null",""
"835","dhps IAGKAS","17","null",""
"836","dhps IAGKGS","17","null",""
"837","dhps VAGKGA","17","null",""
"838","dhps VAGKGS","17","null",""
"839","pfk13 699C","11","null","1"
"840","pfdhfr 140L","null","null","0"
"841","pfk13 K248R","11","null","0"
"842","pfcrt MNK","20","null",""
"843","pfcrt MNT","20","null",""
"844","pfcrt IET","20","null",""
"845","pfcrt IDT","20","null",""
"846","pfcrt N326","null","null",""
"847","dhfr N51","null","null",""
"848","dhfr C59","null","null",""
"849","dhfr I164","null","null",""
"850","dhps 436-437SG","21","null",""
"851","dhps 436-437AG","21","null",""
"852","dhps 436-437SA","21","null",""
"853","dhps A581","null","null",""
"854","k13 F446","null","null",""
"855","k13 N458","null","null",""
"856","k13 Y493","null","null",""
"858","k13 R539","null","null",""
"859","k13 I543","null","null",""
"860","k13 R561","null","null",""
"861","k13 P574","null","null",""
"862","k13 A578","null","null",""
"863","k13 C580","null","null",""
"864","dhps 436C","null","null",""
"865","436A/C","21","null",""
"866","T199","null","null",""
"867","199S","null","null",""
"868","199T/S","null","null",""
"870","C469C/Y, E507E/G","null","null",""
"871","pfk13 R622T","null","null","0"
"872","pfk13 L631F","11","null","1"
"873","pfk13 V568I","null","null","0"
"877","pfcrt 24Y","null","null","0"
"878","pfcrt 106S","null","null","0"
"879","pfcrt 418A","null","null","0"
"880","pfmdr1 938Y","null","null","0"
"881","dhps 436H","null","null","0"
"882","dhfr 51C","null","null",""
"883","pfk13 P615P/Q","null","null","0"
